Pre-monsoon_2015 (meters below ground level),Pre-monsoon_2016 (meters below ground level),Pre-monsoon_2017 (meters below ground level),Pre-monsoon_2018 (meters below ground level),Pre-monsoon_2019 (meters below ground level),Pre-monsoon_2020 (meters below ground level),Pre-monsoon_2021 (meters below ground level),Pre-monsoon_2022 (meters below ground level),Label
19.14,46.95,32.9,32.9,33.12,29.47,78.0,19.2,0
5.7,6.9,6.05,6.1,6.2,6.05,4.2,4.25,0
20.5,21.6,32.9,38.2,27.7,21.2,34.3,23.25,0
40.4,41.6,43.5,45.13,48.1,47.96,47.5,48.58,1
22.7,30.0,28.2,26.1,25.7,23.2,21.0,24.5,0
9.0,5.4,7.85,5.5,5.9,5.9,4.7,6.5,0
24.25,25.35,25.0,25.0,26.25,26.0,26.25,26.4,1
4.9,8.1,6.2,4.7,8.25,3.2,5.9,5.9,0
26.65,16.3,18.42,20.0,19.0,23.0,17.75,25.28,1
143.5,141.8,148.7,151.2,153.0,177.0,174.8,175.9,1
5.5,5.1,5.45,3.1,6.5,3.0,3.6,4.0,0
23.0,18.5,17.3,13.0,16.7,15.0,14.7,16.75,0
35.64,36.43,36.54,37.67,38.28,35.75,40.08,40.47,1
12.6,12.5,12.6,12.6,12.6,9.0,12.1,10.3,0
20.1,20.0,23.3,19.1,24.1,11.1,10.9,11.2,0
41.0,53.7,63.6,70.6,75.3,74.8,24.97,13.7,0
30.4,30.57,30.66,30.7,30.95,32.61,32.21,33.8,1
13.5,14.7,14.6,14.6,14.4,14.1,14.0,13.5,0
14.0,16.0,19.0,16.9,16.3,9.0,9.6,13.5,0
12.3,12.0,11.6,11.5,13.1,11.1,9.6,12.2,0
73.1,82.6,64.94,88.5,89.3,81.5,81.0,82.6,1
18.0,11.4,12.0,13.41,12.9,11.4,11.0,14.6,0
11.25,13.75,10.52,9.12,14.27,9.53,10.15,16.24,0
15.68,8.8,9.55,23.6,18.2,12.6,13.2,16.6,0
8.3,8.4,7.7,5.3,3.4,6.15,7.4,6.1,0
2.75,3.25,2.8,2.8,3.5,2.7,1.5,2.75,0
23.65,29.05,32.3,35.4,38.4,34.4,27.65,28.75,1
16.1,18.4,24.2,25.0,29.0,14.8,34.9,18.8,0
6.7,7.45,7.65,7.65,8.15,8.4,8.15,7.6,0
4.72,7.0,3.9,5.25,5.75,4.4,4.14,2.86,0
14.0,14.2,15.1,14.6,19.0,17.2,14.35,13.5,0
9.7,10.1,10.75,10.85,11.15,11.7,11.8,12.5,0
13.0,12.5,14.6,17.0,16.7,12.0,12.4,12.9,0
5.3,6.6,7.1,6.1,5.8,5.4,6.3,6.1,0
63.22,66.1,63.6,67.5,65.55,65.15,75.7,63.4,1
8.55,8.55,11.45,8.3,13.09,11.8,14.15,14.7,0
65.6,48.94,56.4,61.5,46.15,72.5,60.0,34.16,1
21.1,22.6,22.1,29.3,6.7,18.0,24.15,26.1,1
11.58,11.71,11.35,15.0,15.25,10.65,16.15,15.65,0
8.4,11.2,7.8,8.9,8.3,7.6,6.9,6.8,0
156.0,145.7,150.15,152.0,156.45,158.0,156.7,160.6,1
32.5,33.1,34.7,34.5,34.58,35.72,36.68,39.14,1
9.6,10.4,10.45,10.57,11.95,12.55,9.8,10.6,0
4.65,4.68,4.2,3.65,2.88,3.42,4.3,4.4,0
19.82,22.55,23.11,23.67,23.52,23.64,30.45,27.32,1
24.5,25.13,32.8,24.95,23.9,28.6,21.8,23.6,0
5.2,6.5,5.45,4.36,4.45,3.2,3.8,3.5,0
32.01,33.53,34.4,35.6,38.7,38.7,38.6,38.5,1
23.59,24.76,25.92,27.77,27.85,28.03,28.48,31.72,1
27.5,27.5,31.1,27.2,30.2,26.8,23.8,25.6,1
19.2,21.2,30.4,19.9,29.9,14.3,15.1,14.7,0
5.9,8.5,8.6,8.8,8.8,8.2,6.5,7.6,0
16.3,9.4,15.4,8.1,24.4,13.35,20.8,20.2,0
16.01,17.35,17.58,18.73,17.78,17.11,17.5,18.4,0
7.8,7.8,7.8,7.8,7.8,7.5,5.8,5.9,0
41.8,41.8,41.55,39.9,42.1,42.2,40.3,40.4,1
11.4,12.0,12.0,10.55,16.3,11.5,7.4,5.9,0
8.0,14.0,9.2,15.0,10.4,13.1,11.1,9.4,0
83.9,83.95,83.58,83.88,85.18,86.1,88.75,88.6,1
54.5,60.0,61.0,63.6,63.15,63.1,64.0,64.5,1
16.6,17.0,17.1,17.15,16.95,16.4,17.3,17.2,0
6.5,6.15,5.76,5.25,5.15,5.28,5.95,6.2,0
8.6,11.55,10.15,11.35,12.35,8.2,10.2,11.9,0
13.7,15.1,15.2,14.2,16.0,14.1,12.8,13.6,0
56.4,57.0,59.6,58.0,59.8,59.5,59.1,58.9,1
14.9,21.55,8.75,15.1,17.1,16.8,8.4,10.4,0
65.95,66.7,67.4,68.2,68.9,78.8,80.2,78.1,1
47.81,45.06,39.75,25.85,31.75,39.75,37.75,15.95,0
5.6,6.5,7.0,6.1,8.3,8.2,11.9,12.0,0
6.55,3.88,1.69,1.69,12.8,16.25,5.95,7.23,0
23.08,16.4,22.34,24.42,25.5,19.36,21.86,15.63,0
30.6,31.0,34.5,34.6,34.3,35.0,36.0,31.1,1
10.0,10.0,6.9,6.1,8.6,10.0,10.0,6.2,0
16.8,13.2,14.3,10.8,15.8,14.2,13.7,14.15,0
8.8,11.0,10.26,11.4,10.3,8.35,11.1,7.6,0
14.0,12.66,10.6,10.0,9.65,6.84,7.04,12.6,0
11.07,11.05,8.87,10.27,12.57,10.27,9.87,12.57,0
11.7,13.5,15.6,12.5,16.5,16.6,16.1,16.7,0
6.5,6.5,8.0,11.1,14.5,10.3,10.1,10.8,0
28.75,35.91,30.35,34.85,44.65,17.2,17.2,27.22,1
14.6,17.8,11.1,16.9,21.6,8.05,13.75,15.4,0
32.3,38.4,40.1,52.2,52.8,23.11,34.8,16.4,0
78.1,77.8,76.6,77.4,77.5,77.3,69.0,72.3,1
9.4,9.7,10.2,9.65,12.8,12.3,10.1,8.8,0
10.1,8.7,8.8,8.5,11.2,6.6,10.33,8.2,0
3.45,3.6,3.28,3.38,4.18,5.05,5.15,6.55,0
11.55,12.9,8.2,12.9,10.4,11.0,11.4,12.1,0
5.7,6.4,6.5,6.5,6.5,6.5,6.5,6.7,0
15.45,17.6,20.05,11.75,14.7,16.4,12.6,9.7,0
17.0,17.0,17.0,13.1,17.0,13.9,12.1,12.8,0
8.7,10.4,9.5,10.0,10.5,8.0,9.5,9.1,0
34.98,35.4,34.95,35.9,35.91,37.0,38.6,38.7,1
57.2,59.0,58.5,60.5,62.0,61.8,63.0,64.0,1
8.4,8.6,4.87,12.1,7.9,8.0,9.32,7.9,0
9.95,11.4,10.1,11.5,10.7,7.3,10.1,10.5,0
9.65,12.6,12.7,13.1,12.45,12.95,11.99,11.65,0
42.6,45.55,47.9,47.05,48.2,48.7,49.6,49.65,1
39.2,37.5,40.1,35.5,40.6,41.0,42.3,44.15,1
12.8,14.6,13.0,13.5,15.3,14.2,13.9,15.3,0
12.5,14.2,15.9,13.8,16.5,17.5,14.6,17.2,0
4.4,5.5,5.3,3.7,4.0,3.0,2.9,3.05,0
11.8,14.2,13.8,14.0,14.2,9.4,12.2,11.2,0
99.3,99.75,99.75,99.3,100.9,100.3,94.7,96.8,1
21.2,17.4,20.4,17.7,22.6,21.5,22.2,24.9,0
67.85,69.75,68.65,70.65,73.05,84.85,83.35,90.35,1
66.72,67.05,69.52,71.5,71.59,72.72,73.67,74.85,1
9.85,11.6,10.4,14.1,5.3,7.1,7.3,7.5,0
24.2,27.6,22.9,20.7,18.2,17.5,30.1,30.7,1
8.2,11.4,11.2,10.0,8.5,6.7,6.1,5.9,0
5.8,5.4,5.9,6.5,7.6,5.0,6.1,3.4,0
33.6,52.3,52.32,60.15,71.8,64.2,65.48,65.15,1
25.83,25.6,26.65,26.35,28.1,23.1,27.8,26.5,1
61.69,63.9,65.1,66.7,67.7,69.47,70.68,72.0,1
6.25,6.2,7.85,10.23,10.52,8.3,9.39,16.22,0
12.62,13.37,14.63,13.94,13.67,13.53,14.19,13.5,0
3.8,8.0,9.0,7.5,15.35,12.1,3.1,4.0,0
3.54,4.55,2.95,4.8,4.85,2.7,3.0,3.6,0
6.0,7.2,7.4,8.6,9.1,8.0,8.1,6.4,0
19.5,21.8,22.35,25.5,26.1,26.9,22.8,31.7,1
131.4,131.5,135.4,131.4,132.8,128.8,128.4,135.45,1
8.15,10.8,11.85,9.55,14.5,10.3,10.8,11.2,0
4.94,6.05,7.0,5.9,8.1,4.0,6.3,6.1,0
8.6,9.5,9.5,9.5,9.5,6.5,9.5,8.9,0
10.8,10.8,10.5,10.8,10.8,9.2,9.1,9.0,0
3.3,6.6,3.8,5.7,6.5,3.4,4.7,2.5,0
6.6,7.35,7.32,7.44,8.1,8.3,8.8,10.65,0
30.48,32.01,32.81,39.36,41.75,39.83,39.9,41.0,1
80.67,80.13,81.65,84.05,94.14,95.0,96.2,97.5,1
4.6,4.9,3.9,4.6,5.0,5.0,4.4,4.7,0
13.1,12.2,12.85,13.1,12.9,12.85,13.15,12.07,0
9.07,9.27,9.39,9.47,9.61,9.85,7.43,8.48,0
16.75,20.0,19.9,21.1,22.2,21.15,21.7,21.1,0
62.3,73.6,83.3,90.6,93.7,97.8,25.97,17.0,0
15.7,15.9,16.6,15.5,17.1,12.2,9.9,10.3,0
69.5,79.1,87.9,95.0,100.7,103.4,65.55,28.85,1
8.4,8.5,9.6,9.8,8.3,6.3,4.9,5.4,0
6.4,13.5,8.6,7.7,10.0,8.0,7.1,11.0,0
6.3,5.9,5.93,12.1,6.36,6.65,8.6,7.95,0
15.5,21.35,20.75,21.1,18.6,19.9,8.9,14.4,0
7.9,13.5,14.1,13.5,7.2,8.3,8.0,8.1,0
41.78,42.84,47.14,50.06,54.39,52.91,53.66,57.18,1
14.34,14.78,12.47,8.88,9.99,9.13,9.88,9.77,0
22.7,32.5,43.8,33.45,27.1,21.0,44.0,28.06,1
48.06,48.22,48.06,46.59,48.81,49.08,49.14,50.05,1
9.3,11.8,11.6,11.6,11.2,9.3,12.3,12.0,0
7.2,12.1,7.5,7.9,7.0,5.6,7.9,7.5,0
13.85,15.75,14.55,17.85,12.8,14.5,16.15,20.0,0
8.0,8.75,8.75,8.8,8.9,9.15,9.25,9.4,0
22.0,23.85,21.75,24.8,21.15,19.5,27.55,20.65,0
49.69,49.69,49.75,49.25,57.69,48.65,48.65,48.0,1
18.8,19.6,24.8,25.4,27.9,27.0,7.05,5.25,0
38.45,39.0,39.0,40.0,40.85,41.2,41.95,41.65,1
22.65,24.1,20.0,23.55,23.5,20.2,22.5,23.9,0
32.78,34.65,38.18,40.88,42.18,42.18,42.3,43.0,1
36.18,35.83,35.38,35.38,34.89,36.48,34.28,34.78,1
16.8,16.8,6.2,7.0,6.8,15.0,12.0,7.2,0
23.75,24.25,25.5,25.75,28.0,28.0,28.67,29.85,1
34.25,34.8,35.8,37.5,39.0,38.5,39.5,40.0,1
30.5,30.5,29.6,29.22,29.66,27.6,33.5,29.9,1
57.3,58.7,63.1,66.9,75.8,75.2,85.7,87.3,1
11.5,11.5,8.1,7.5,11.5,11.5,10.1,7.1,0
4.5,5.2,8.5,6.1,5.0,2.7,4.8,7.2,0
7.9,8.1,6.9,7.5,7.8,7.3,7.6,7.0,0
27.7,29.65,31.63,33.27,35.42,36.31,37.18,38.73,1
42.1,43.6,40.1,41.9,43.8,44.3,43.5,43.9,1
20.1,22.0,22.25,21.25,22.95,23.05,23.92,25.8,1
38.5,37.9,39.7,33.1,39.5,37.5,40.5,42.5,1
10.7,8.85,9.05,6.9,11.8,7.9,11.1,11.1,0
13.15,15.65,14.9,14.95,15.0,15.9,12.8,14.2,0
15.9,17.3,17.0,16.9,19.8,19.9,17.2,16.2,0
15.2,16.0,6.7,16.0,8.0,9.7,11.2,9.7,0
32.6,36.2,35.4,36.0,35.4,35.35,36.2,36.7,1
7.9,8.7,8.15,6.0,19.6,8.5,19.0,18.65,0
165.0,141.0,113.0,88.0,128.1,136.32,68.02,9.55,0
5.4,6.2,6.6,6.2,6.2,3.8,4.1,5.9,0
66.1,66.5,66.3,66.45,68.1,69.05,70.25,70.4,1
24.8,26.77,28.43,23.0,23.06,21.58,22.9,24.8,0
17.28,18.2,18.2,19.0,12.19,12.19,12.6,12.5,0
3.7,11.4,12.5,11.0,11.4,3.4,3.7,4.0,0
28.2,29.75,31.55,32.15,33.2,28.2,28.2,30.1,1
38.05,38.25,38.16,38.36,38.96,39.15,39.35,39.3,1
42.6,41.0,40.7,39.9,42.2,38.8,41.0,39.95,1
40.76,40.82,45.34,45.04,46.39,48.56,48.41,48.5,1
14.5,18.45,7.25,16.6,16.8,9.8,10.8,9.55,0
68.0,78.6,87.8,95.9,102.0,102.7,28.1,21.1,0
32.7,33.8,35.98,37.54,38.3,39.55,38.0,37.1,1
27.1,36.2,45.0,53.6,59.3,59.1,18.45,7.1,0
12.8,14.9,23.2,14.4,22.5,19.4,20.6,21.4,0
3.3,3.4,3.35,3.3,4.7,5.15,4.3,4.1,0
57.4,58.3,62.4,63.5,69.3,63.5,62.7,65.4,1
8.5,8.45,9.0,7.9,8.8,7.6,6.7,7.9,0
32.42,32.7,32.43,32.68,33.28,34.15,26.35,26.9,1
5.1,6.3,4.8,4.4,5.05,5.4,5.8,6.1,0
120.4,120.9,129.1,128.35,130.0,126.6,127.3,128.4,1
29.05,29.85,30.0,30.0,31.1,32.3,32.45,33.95,1
17.69,19.33,34.03,34.4,16.96,18.22,8.28,13.6,0
17.05,17.6,17.95,18.6,18.72,18.84,20.11,23.21,0
15.5,9.8,10.5,9.8,9.8,9.5,12.3,9.3,0
8.93,10.03,10.42,11.58,13.98,16.45,14.3,13.68,0
9.8,10.3,10.3,8.2,10.8,7.9,7.8,7.0,0
8.9,8.8,9.3,9.8,9.36,12.3,13.1,13.5,0
5.5,7.6,6.0,6.7,8.4,5.0,6.2,5.8,0
6.1,9.0,6.2,7.3,7.4,6.7,6.7,6.7,0
14.65,15.13,15.4,16.7,17.1,18.0,18.6,18.8,0
5.75,6.6,7.1,7.15,7.35,7.85,7.8,8.4,0
6.4,7.0,6.95,7.0,7.55,7.85,11.35,11.65,0
6.77,6.85,6.97,7.0,7.15,7.37,4.5,6.9,0
44.25,45.95,48.3,47.0,52.3,51.1,50.3,53.5,1
13.8,15.76,16.6,18.15,17.7,16.5,16.45,15.5,0
5.5,8.4,10.8,7.8,9.6,7.7,10.8,9.8,0
33.3,34.7,36.1,32.9,36.7,35.8,39.5,40.75,1
39.9,41.87,43.9,45.51,48.38,47.3,45.82,46.05,1
23.35,24.0,25.85,25.65,27.45,26.35,25.85,25.9,1
11.2,13.0,12.9,13.0,13.1,8.6,12.7,9.0,0
18.95,15.2,15.7,12.65,10.75,8.7,9.5,9.68,0
13.89,15.82,16.49,17.89,14.79,13.55,14.6,14.5,0
49.22,54.7,49.5,48.37,26.21,25.0,42.0,34.0,1
49.0,50.3,49.7,49.1,49.4,49.0,49.15,49.9,1
9.4,11.8,7.5,7.4,14.8,12.9,10.2,9.9,0
7.95,8.25,8.0,8.15,9.05,9.45,9.5,9.55,0
40.2,43.0,44.0,44.6,46.35,47.3,49.6,49.0,1
9.3,14.4,12.0,10.0,14.9,10.0,10.3,10.3,0
13.25,13.15,13.95,16.02,16.35,16.6,17.0,17.78,0
66.3,69.1,70.4,69.5,73.85,74.3,81.7,82.5,1
22.6,21.68,20.1,18.0,21.2,19.72,19.9,20.5,0
14.85,16.3,13.25,18.9,15.8,12.25,15.8,14.7,0
12.0,20.0,22.0,17.2,24.5,19.1,22.1,22.0,0
35.8,36.2,36.4,36.4,36.85,37.2,35.45,35.6,1
8.2,7.5,6.4,5.7,9.5,5.5,6.0,5.2,0
11.1,14.1,16.34,23.38,26.03,20.25,10.8,2.66,0
59.0,69.4,78.6,83.5,91.0,88.9,94.9,88.1,1
18.9,18.24,19.74,19.04,20.34,20.0,20.73,22.86,0
1.6,1.58,6.7,6.81,1.72,1.3,1.4,7.89,0
9.8,7.8,9.5,11.0,12.5,11.75,7.8,11.4,0
19.6,19.5,19.03,19.28,20.58,21.45,20.55,20.5,0
5.9,6.5,8.3,7.2,8.9,9.1,5.82,7.4,0
7.6,7.6,7.2,8.0,7.7,7.45,7.4,7.4,0
8.9,12.1,14.1,8.5,8.8,8.1,9.1,8.5,0
16.31,16.27,16.17,16.21,17.25,18.73,17.41,22.85,0
15.26,15.26,16.7,17.0,25.12,25.6,25.9,26.0,1
9.2,9.0,7.5,8.3,8.5,8.5,7.5,7.1,0
10.05,9.99,10.44,10.45,9.25,5.15,7.35,7.71,0
20.4,24.25,22.2,26.5,27.65,23.8,23.75,28.9,1
16.1,16.1,9.06,6.0,9.35,14.0,6.0,3.55,0
8.7,8.75,8.5,8.75,8.5,8.75,7.5,5.3,0
20.99,21.04,21.3,12.7,21.34,16.64,18.54,18.06,0
50.6,51.8,51.7,52.35,52.5,52.3,53.2,53.4,1
57.85,57.95,56.9,57.05,57.85,58.65,66.35,67.2,1
14.1,8.9,9.5,11.6,11.91,12.6,12.8,13.2,0
7.9,8.0,12.0,5.2,11.0,5.3,3.05,8.6,0
5.25,6.95,5.0,6.0,5.5,5.2,6.45,6.25,0
17.5,20.11,32.52,22.62,23.82,19.92,19.65,19.6,0
25.8,35.8,51.8,42.75,54.4,45.6,36.45,16.9,0
10.0,10.6,10.5,11.0,11.6,9.7,10.9,10.3,0
6.8,10.2,9.15,5.95,4.55,4.4,3.36,3.82,0
27.9,29.8,29.8,28.4,32.0,26.1,23.8,31.5,1
5.8,7.9,5.8,5.6,6.8,5.8,5.9,6.1,0
140.0,139.5,133.25,145.25,144.5,133.89,133.98,133.63,1
4.3,5.2,7.4,6.2,8.0,3.9,5.1,5.9,0
8.06,9.17,9.0,9.95,9.75,8.2,9.85,8.5,0
77.4,74.6,72.4,71.7,72.2,77.6,76.8,74.2,1
7.8,7.8,6.0,7.1,7.4,6.1,3.5,5.4,0
7.94,7.43,8.33,8.46,8.51,8.78,8.71,8.44,0
13.4,13.9,19.0,27.2,33.0,26.5,16.1,3.15,0
4.9,4.8,4.75,5.25,6.15,6.5,7.1,7.2,0
113.0,110.35,111.1,109.15,108.82,109.8,111.0,68.1,1
7.45,9.6,7.7,8.45,6.7,7.27,6.53,6.13,0
12.75,12.95,12.95,13.35,12.89,13.38,14.7,15.3,0
12.0,12.0,12.0,12.0,12.0,10.75,8.2,6.4,0
68.05,68.55,67.7,67.95,69.35,70.05,82.25,82.1,1
13.07,19.15,13.96,8.29,12.82,10.95,13.02,9.72,0
19.85,19.55,19.3,19.8,20.08,20.55,21.3,21.65,0
1.66,1.66,2.93,1.98,1.69,2.55,1.12,1.12,0
4.4,4.5,4.4,4.1,4.5,3.7,3.5,3.7,0
16.5,22.6,14.7,16.1,5.0,11.1,21.65,19.5,0
8.7,8.95,8.65,10.05,10.2,7.8,9.3,8.85,0
52.8,78.2,82.2,81.0,77.9,73.6,72.9,75.3,1
8.5,12.0,8.3,11.9,12.0,6.9,10.1,9.4,0
81.1,81.25,83.6,82.6,85.9,83.9,84.8,46.8,1
29.0,30.97,32.58,33.98,35.3,35.8,36.6,36.6,1
50.48,51.1,51.71,53.76,55.65,57.58,57.25,59.11,1
111.55,110.5,110.8,111.5,108.6,108.0,107.9,106.2,1
8.5,11.88,5.65,1.13,9.4,6.0,9.97,8.75,0
17.0,17.7,12.65,13.0,18.2,16.1,16.34,21.9,0
5.8,6.45,6.0,6.4,5.2,4.8,5.3,5.2,0
31.8,34.15,24.4,35.3,37.75,34.93,37.1,39.6,1
10.8,11.2,11.2,8.0,9.6,9.3,9.2,9.1,0
6.9,8.4,6.2,7.2,7.5,5.9,7.2,7.1,0
7.9,8.19,8.5,7.75,7.02,6.85,6.5,6.65,0
10.9,9.2,9.1,9.4,9.8,8.8,8.9,10.7,0
24.6,24.1,23.73,21.46,27.98,29.62,28.94,15.1,0
98.0,106.5,113.0,117.6,125.6,131.6,103.8,43.6,1
115.78,117.53,118.46,117.5,110.83,122.94,122.98,123.27,1
5.9,11.6,6.7,11.6,11.2,3.0,4.7,3.5,0
79.4,86.3,79.65,81.7,80.0,78.5,78.4,76.85,1
24.7,24.0,26.05,17.6,25.5,26.9,25.6,25.4,1
6.0,7.75,6.35,10.4,7.8,4.7,5.2,5.55,0
13.2,13.2,9.5,9.6,12.0,12.4,11.2,9.8,0
30.48,33.53,34.9,35.8,38.04,38.1,38.5,38.5,1
19.5,18.72,24.5,7.92,6.05,3.3,4.3,4.0,0
4.39,7.7,6.59,8.5,8.8,8.4,9.06,6.4,0
15.4,14.6,14.5,13.5,16.5,14.5,13.85,13.5,0
8.7,11.6,9.85,9.4,10.2,7.5,8.2,7.2,0
6.39,4.25,6.05,6.25,5.09,6.12,7.2,7.75,0
8.7,7.9,9.9,6.5,13.1,8.0,12.2,11.8,0
9.5,9.8,9.5,9.5,9.5,6.8,6.9,7.0,0
21.82,24.33,24.5,25.1,24.5,25.0,26.5,26.9,1
7.0,8.0,8.65,9.85,9.83,10.16,10.8,10.95,0
13.4,11.4,10.5,9.5,12.6,11.2,10.0,10.5,0
26.3,33.8,26.0,49.4,33.55,10.65,7.3,4.9,0
6.2,6.75,6.55,6.48,7.35,7.2,7.25,7.7,0
144.8,150.6,152.7,157.3,158.3,155.9,157.6,156.3,1
36.0,40.1,38.0,36.9,40.2,41.0,39.2,37.5,1
14.62,6.18,10.8,12.0,9.2,5.74,8.35,9.65,0
42.1,46.1,50.1,54.2,54.4,56.9,57.6,59.0,1
7.6,6.0,4.35,4.6,6.4,3.8,5.5,7.1,0
22.5,18.0,18.7,20.5,21.53,18.91,21.45,19.3,0
22.9,26.4,26.5,27.2,27.7,31.3,30.1,25.0,1
61.6,63.5,64.7,69.25,67.0,67.4,68.1,67.1,1
3.25,3.8,3.75,3.88,4.0,4.2,4.95,4.0,0
33.53,33.53,34.84,35.0,39.62,39.66,39.9,39.0,1
50.2,53.3,55.6,57.9,64.98,69.7,75.8,72.7,1
16.9,16.9,16.9,16.9,16.9,14.3,16.9,16.9,0
18.0,18.14,18.2,18.25,18.4,16.43,13.7,14.08,0
33.1,38.3,36.6,52.85,50.1,26.0,33.1,5.64,0
7.2,12.3,11.0,9.4,16.0,18.4,14.2,13.1,0
37.9,34.1,33.9,37.1,35.0,29.7,31.5,31.8,1
8.5,8.1,9.5,9.2,8.8,6.8,6.9,7.9,0
15.4,24.7,31.2,15.8,55.6,57.1,58.2,51.4,1
2.1,3.3,2.9,0.9,1.75,0.45,0.7,0.0,0
12.0,12.0,8.2,7.15,7.3,6.0,5.3,5.0,0
4.75,4.45,3.25,3.3,4.0,9.0,2.85,2.35,0
6.2,7.7,7.1,7.0,6.7,2.9,6.5,5.9,0
7.7,7.9,8.6,8.2,8.5,8.0,6.1,6.0,0
66.2,68.0,68.0,67.65,72.58,77.75,78.65,75.3,1
6.8,6.8,6.9,6.1,8.0,8.0,5.6,5.5,0
8.9,12.7,12.5,12.1,12.4,10.2,10.5,10.5,0
52.7,62.17,56.78,60.0,58.25,54.85,51.7,49.7,1
15.9,14.7,15.95,15.0,13.6,12.3,10.8,7.0,0
55.63,55.71,57.5,58.72,58.88,59.12,60.5,62.0,1
17.54,20.46,25.22,19.8,23.7,17.4,15.75,15.2,0
25.75,25.8,25.63,25.83,26.98,27.85,30.1,29.4,1
29.9,31.1,33.03,34.87,36.82,35.7,34.5,33.35,1
7.4,7.5,8.9,8.5,7.9,11.55,5.8,7.0,0
9.9,9.5,9.4,7.1,9.9,8.1,8.2,6.1,0
12.5,10.5,13.6,12.7,15.25,12.5,8.2,8.85,0
12.96,11.44,18.14,16.33,19.73,19.79,16.42,12.63,0
36.5,38.0,38.5,37.1,39.3,37.9,37.8,38.5,1
9.8,8.6,2.2,9.15,9.0,9.1,9.4,7.1,0
73.9,74.8,74.9,75.4,80.6,86.9,82.0,82.7,1
87.4,87.1,86.5,86.15,86.1,85.6,85.2,85.1,1
23.58,16.3,16.05,16.22,35.1,36.54,38.25,35.75,1
108.9,111.6,110.05,113.6,118.85,109.0,106.2,112.5,1
41.3,41.8,43.5,44.96,47.92,47.7,46.28,46.63,1
12.4,15.8,15.7,14.8,14.5,15.1,12.8,13.5,0
10.6,10.75,10.73,10.83,11.78,12.7,12.8,13.3,0
8.75,8.55,8.1,8.05,7.65,7.65,6.8,6.6,0
2.3,5.0,5.1,5.6,5.46,5.2,3.5,4.6,0
70.3,69.5,70.1,69.2,70.7,70.3,70.6,70.1,1
10.8,10.4,9.2,9.7,7.15,12.1,14.0,13.0,0
21.0,21.2,21.85,19.8,22.2,22.6,23.3,21.95,0
56.2,58.3,59.35,59.6,62.15,62.65,64.15,65.05,1
8.1,11.9,9.95,9.65,6.7,11.2,11.9,9.18,0
58.4,66.2,66.5,67.7,89.98,89.68,95.9,98.05,1
10.6,10.0,9.6,10.1,10.6,8.1,9.0,8.9,0
10.7,10.7,12.0,10.0,12.0,10.3,8.8,8.7,0
8.74,10.01,10.7,11.7,8.95,9.33,9.15,8.2,0
9.05,11.25,10.0,10.8,14.25,12.55,12.65,10.0,0
18.0,19.1,19.8,20.02,22.05,21.15,23.4,23.65,0
19.08,19.58,20.08,18.0,16.07,15.39,14.21,19.75,0
11.48,13.47,13.99,14.55,15.5,16.4,15.45,14.98,0
27.57,27.72,28.0,28.25,28.5,28.75,31.02,31.5,1
36.58,36.58,35.72,36.52,41.14,42.19,42.4,42.0,1
80.3,80.9,84.4,86.9,93.7,94.2,89.0,90.2,1
3.95,4.15,3.98,4.08,4.98,6.1,6.3,6.2,0
21.85,23.7,24.7,24.3,26.1,25.5,24.8,25.7,1
9.6,10.15,12.3,12.25,12.55,13.1,13.4,13.95,0
6.9,12.1,8.1,12.3,6.4,5.9,7.9,5.3,0
8.02,8.38,6.64,10.2,7.19,7.94,7.08,7.27,0
62.74,62.82,65.0,66.42,66.52,67.95,69.9,71.0,1
14.3,11.75,12.1,13.5,16.4,5.8,12.4,14.3,0
5.7,10.0,5.4,3.1,6.1,5.0,8.9,4.3,0
9.45,14.9,12.9,12.85,13.5,7.7,12.4,11.15,0
10.09,9.9,12.8,14.02,14.9,14.5,13.26,13.55,0
57.5,57.58,60.0,61.8,61.92,61.46,63.5,65.0,1
49.2,50.45,52.0,60.0,61.5,60.5,62.5,68.0,1
4.8,5.8,7.7,5.8,6.9,7.6,8.3,8.9,0
1.45,1.95,1.4,1.43,1.7,2.1,4.2,2.4,0
5.89,7.25,6.6,6.5,10.5,5.5,5.8,5.9,0
23.25,16.25,15.19,14.6,16.0,15.7,14.13,9.33,0
27.07,29.22,30.45,31.15,35.56,22.3,36.81,37.58,1
18.6,23.1,19.75,22.1,22.6,6.3,6.6,6.9,0
12.3,19.8,6.9,6.3,5.6,7.5,8.1,9.3,0
9.7,9.7,7.4,8.5,8.5,5.4,6.1,6.1,0
24.04,25.26,25.3,26.0,25.62,25.62,25.31,25.41,1
13.5,13.6,9.6,9.5,13.6,10.2,5.0,8.5,0
8.5,8.5,6.6,6.5,7.7,7.6,6.9,6.7,0
11.8,14.5,14.0,12.4,12.1,7.2,8.7,7.6,0
13.75,13.75,20.05,15.05,17.85,9.4,16.65,13.95,0
131.5,131.5,136.3,139.0,139.68,139.9,139.3,137.8,1
45.84,47.55,48.7,51.49,53.28,54.84,51.73,51.78,1
11.3,12.0,14.6,11.5,19.1,14.9,16.5,21.3,0
7.95,5.9,10.92,7.8,9.1,5.1,6.45,5.1,0
9.0,9.5,8.7,8.5,9.5,11.2,12.6,11.0,0
32.01,33.53,34.41,35.4,36.57,36.66,36.87,36.4,1
35.6,37.8,37.1,40.2,41.4,43.4,45.35,49.5,1
6.5,6.71,6.78,6.85,6.97,6.34,6.83,6.23,0
5.7,6.1,6.8,5.5,7.8,7.4,6.25,5.5,0
18.3,21.0,32.7,29.3,42.65,42.4,63.6,62.95,1
7.39,11.78,7.1,8.0,13.48,5.3,5.62,9.68,0
7.0,7.5,6.7,7.5,7.6,6.7,6.5,7.8,0
46.2,47.0,47.1,48.0,48.05,48.55,49.9,50.2,1
9.4,9.4,8.9,10.7,11.2,9.0,9.5,8.5,0
5.09,4.9,5.91,6.5,5.98,4.63,7.75,7.1,0
8.7,12.1,11.8,18.3,9.0,9.01,11.1,7.93,0
17.67,17.78,17.85,17.9,18.15,18.25,15.65,14.05,0
1.25,5.55,3.02,2.15,3.05,2.51,0.8,2.41,0
3.95,5.85,6.05,5.35,7.5,3.65,4.83,3.91,0
8.4,9.75,8.8,9.55,8.7,7.1,8.8,8.1,0
26.85,27.7,28.5,29.1,29.2,30.0,29.15,30.8,1
58.47,58.82,61.1,63.05,63.2,63.8,65.2,67.0,1
12.7,13.05,14.9,12.2,12.5,13.2,14.7,16.3,0
7.15,14.0,7.5,7.6,9.0,9.2,9.3,9.15,0
7.7,7.3,7.8,6.85,17.0,14.5,14.9,14.3,0
55.05,34.5,68.93,39.43,51.22,44.0,34.45,22.7,0
7.03,6.88,13.98,13.58,13.63,14.1,33.1,36.9,1
30.55,30.0,30.3,30.3,31.6,32.13,32.88,32.95,1
20.0,21.05,21.8,22.1,23.0,22.3,19.97,18.9,0
12.9,15.6,15.3,13.1,15.4,14.7,14.6,10.3,0
27.5,29.55,29.25,29.25,31.85,30.2,30.45,31.65,1
53.6,34.6,35.6,36.6,24.35,25.6,24.76,23.5,0
35.7,39.4,40.3,42.4,43.6,43.9,44.35,43.4,1
10.8,9.5,10.2,9.4,16.8,16.1,23.7,29.7,1
8.5,8.7,10.0,10.2,10.3,10.1,10.65,10.4,0
8.7,9.1,9.0,9.1,9.2,7.8,9.15,9.3,0
4.9,4.6,5.6,6.2,9.2,7.3,7.0,6.8,0
4.6,5.2,3.2,3.3,3.9,3.9,3.5,4.1,0
97.7,98.0,98.6,100.5,97.6,105.5,105.1,104.2,1
6.85,7.0,7.55,7.75,7.4,6.9,5.05,7.08,0
11.11,11.7,10.0,10.3,12.1,11.4,9.3,10.0,0
6.84,9.75,5.72,8.9,7.6,5.2,7.96,7.5,0
9.3,11.6,11.4,11.5,10.5,7.25,10.9,11.1,0
65.1,60.2,61.2,52.0,60.8,60.2,57.0,55.4,1
10.5,10.5,10.5,10.5,10.5,10.5,10.5,10.7,0
12.15,12.85,13.25,13.25,13.3,13.9,14.5,15.1,0
8.9,11.7,8.05,10.61,9.55,7.55,10.45,8.95,0
18.7,20.65,21.5,20.35,20.4,21.7,21.1,21.03,0
39.6,44.2,43.95,46.2,40.6,34.6,44.4,30.8,1
11.7,10.6,10.0,8.0,10.6,5.8,5.5,5.5,0
10.25,10.5,10.5,10.5,10.5,10.5,10.0,10.2,0
30.6,31.35,31.4,31.4,35.95,36.25,36.45,36.4,1
10.2,11.1,11.7,11.75,12.2,12.55,12.85,13.1,0
78.25,68.9,71.95,72.18,72.0,72.1,70.73,70.5,1
10.11,11.33,12.05,14.03,15.35,14.3,17.23,17.12,0
24.0,13.25,17.1,10.1,18.9,21.02,21.5,7.45,0
18.6,19.25,19.4,19.49,20.1,20.7,19.8,19.6,0
5.7,8.5,6.3,5.2,6.5,6.9,6.5,6.2,0
8.8,5.88,6.55,4.7,6.98,6.69,8.15,8.8,0
6.0,7.3,2.6,2.6,3.8,1.8,2.0,5.0,0
7.0,4.1,4.0,6.6,5.4,5.0,5.9,6.2,0
13.0,12.6,13.0,12.8,14.2,10.1,11.6,14.5,0
23.75,22.3,22.71,22.13,26.05,21.0,21.75,14.1,0
17.15,17.2,13.34,14.25,15.65,16.57,18.65,18.5,0
18.35,18.85,19.2,19.5,19.7,17.65,18.6,18.85,0
9.5,10.1,10.0,10.15,10.5,10.85,10.25,11.9,0
8.3,8.4,9.6,7.5,10.4,9.8,9.1,9.0,0
102.7,105.15,106.9,105.5,107.9,107.1,105.1,106.2,1
27.9,33.7,36.6,34.1,39.2,30.1,29.4,32.5,1
25.75,17.65,18.65,18.2,19.6,20.4,21.15,21.7,0
14.6,15.3,19.4,12.8,18.1,12.8,12.0,13.2,0
14.01,15.47,16.03,17.6,19.8,18.95,20.1,20.2,0
25.53,25.75,25.6,25.7,26.05,25.3,28.7,21.0,0
10.46,11.03,10.55,8.25,6.75,3.85,7.0,10.45,0
6.05,6.15,5.78,5.88,6.58,7.45,6.35,6.1,0
13.73,14.2,14.7,14.99,15.62,15.73,16.91,17.24,0
10.6,7.7,8.75,8.7,9.4,8.0,8.5,7.9,0
37.2,36.5,38.6,38.2,41.6,41.5,40.1,42.9,1
5.75,9.45,7.7,8.58,8.65,7.35,8.35,8.2,0
6.7,5.0,11.6,11.9,14.3,8.0,9.7,9.2,0
9.77,8.71,8.81,8.85,8.91,7.7,5.85,6.95,0
56.4,59.3,66.3,68.3,78.6,82.0,88.3,89.85,1
95.6,98.8,99.2,106.3,114.3,101.8,99.9,102.4,1
7.0,7.0,7.0,7.0,7.0,4.75,5.1,5.8,0
97.3,98.5,99.8,102.2,101.0,98.0,98.9,97.6,1
13.1,13.7,16.9,16.6,24.0,14.5,14.6,13.4,0
3.2,4.8,2.02,1.66,3.36,2.84,2.43,1.9,0
2.42,4.2,1.8,1.9,1.2,0.9,2.1,0.9,0
10.9,12.9,11.72,12.01,12.76,10.59,7.6,11.26,0
45.4,44.85,45.8,44.3,42.3,42.7,39.6,40.0,1
44.45,40.35,26.94,28.18,40.0,45.01,27.45,11.94,0
11.8,13.5,13.6,14.0,14.05,13.2,13.2,13.2,0
26.8,22.8,16.3,14.6,24.9,14.8,12.9,11.5,0
62.6,64.5,65.0,67.5,67.8,68.0,69.3,69.2,1
8.7,9.5,8.6,7.9,10.0,8.8,8.3,8.5,0
38.8,39.3,39.3,40.5,41.0,41.4,43.2,45.2,1
7.25,7.4,8.45,9.45,3.0,8.8,8.7,9.7,0
73.75,76.06,78.44,81.8,87.1,102.17,67.8,70.0,1
20.29,20.15,20.79,21.22,21.04,21.54,22.14,23.54,0
96.7,96.6,99.6,100.4,105.2,120.9,120.1,121.4,1
21.75,23.4,26.65,22.6,26.7,13.2,13.1,13.2,0
11.05,13.85,12.85,13.2,15.1,11.7,13.5,13.1,0
76.7,78.0,78.5,78.0,78.5,79.0,80.0,80.0,1
19.55,19.65,20.0,17.85,17.05,17.45,18.1,18.45,0
5.8,8.3,7.8,5.0,8.0,5.5,4.3,5.6,0
13.9,15.6,15.9,17.0,17.55,18.1,19.4,20.0,0
42.7,44.68,46.56,48.35,49.95,49.62,49.52,50.95,1
20.55,20.65,20.43,20.63,21.38,22.15,23.25,22.8,0
2.8,4.8,3.0,3.0,4.0,3.2,3.5,3.2,0
24.75,25.65,26.1,26.1,27.1,29.6,30.85,31.0,1
13.05,12.2,10.5,7.75,8.25,6.9,7.8,6.34,0
2.05,4.05,3.25,1.7,2.85,3.05,3.15,3.25,0
81.6,81.2,82.4,82.9,84.0,84.3,81.5,84.5,1
39.2,40.6,42.32,43.87,44.53,44.42,43.76,43.08,1
8.9,9.2,9.6,10.0,10.8,5.9,10.5,9.4,0
14.3,11.85,3.3,13.2,12.3,10.5,12.0,9.75,0
5.66,10.0,3.14,8.6,7.2,9.8,6.7,5.9,0
36.4,38.5,37.6,39.1,40.6,40.6,42.1,42.6,1
14.7,15.1,14.9,18.0,16.8,13.6,11.9,12.7,0
6.64,7.64,8.14,5.18,5.33,3.34,3.5,3.58,0
93.1,92.7,94.2,101.0,101.3,104.0,105.2,105.7,1
19.0,19.4,5.1,8.0,19.4,10.0,11.6,9.5,0
8.85,9.5,11.8,8.4,4.5,6.3,7.25,10.1,0
21.2,22.35,22.4,22.4,23.25,23.4,23.9,24.3,0
5.69,6.32,5.95,5.15,4.92,3.99,3.04,4.55,0
24.02,28.1,26.28,27.5,24.22,23.22,23.27,22.5,0
9.5,9.5,9.4,9.5,9.8,9.1,8.2,8.5,0
16.95,15.8,16.56,15.29,16.83,17.2,15.84,15.13,0
20.0,16.5,21.05,21.06,26.6,23.8,19.59,14.54,0
18.56,18.7,18.77,17.66,17.8,16.75,15.78,17.2,0
38.3,40.24,42.53,44.33,46.43,46.56,46.74,47.3,1
30.2,32.19,34.21,35.99,38.01,38.99,40.33,41.2,1
5.65,6.55,6.2,6.23,6.7,6.95,5.4,6.3,0
57.24,57.66,60.1,61.7,61.85,62.6,64.9,66.5,1
23.9,20.7,24.9,19.7,23.95,22.5,23.1,22.0,0
15.5,16.0,16.5,16.75,17.0,17.3,17.0,17.15,0
20.1,20.85,38.85,31.4,20.9,14.68,24.25,14.03,0
113.1,113.95,115.3,114.6,115.8,115.8,114.1,113.9,1
11.7,11.7,9.6,11.7,14.0,11.3,10.4,10.2,0
10.3,9.7,10.1,10.45,10.84,10.9,10.1,10.0,0
5.4,6.42,5.1,6.1,6.05,4.85,4.95,5.0,0
9.2,10.6,10.5,10.6,10.8,10.6,9.6,9.1,0
11.13,13.06,13.69,15.2,12.55,9.75,10.55,9.15,0
31.6,34.7,36.8,36.5,39.7,36.1,33.1,34.4,1
5.22,5.1,6.55,4.8,5.35,2.0,1.95,2.9,0
25.22,25.5,25.32,26.6,27.42,24.57,28.33,30.29,1
11.0,10.7,5.0,9.0,5.8,4.9,7.6,3.6,0
4.05,5.05,4.05,5.35,8.45,1.95,3.25,10.65,0
1.5,1.5,1.4,2.5,2.28,3.22,3.9,4.5,0
62.2,72.2,72.5,70.5,65.7,63.8,62.3,62.1,1
29.0,37.7,42.5,25.9,31.0,27.4,23.7,20.4,0
12.95,16.0,12.25,12.35,13.0,14.3,14.5,14.7,0
5.15,8.0,8.0,7.7,11.2,6.2,8.4,6.1,0
16.8,14.1,27.8,11.9,15.8,12.4,12.5,13.4,0
13.9,14.8,15.5,15.57,16.6,17.25,19.75,18.86,0
13.7,18.4,18.0,15.5,19.2,15.8,16.1,16.6,0
73.9,75.5,76.5,79.0,79.5,80.0,81.6,81.7,1
61.62,62.02,64.4,64.2,64.35,65.93,67.8,70.0,1
17.4,18.55,18.9,19.65,23.3,22.4,22.65,19.6,0
6.9,14.63,10.95,11.26,9.9,8.36,10.1,10.42,0
10.5,10.7,27.0,10.25,24.1,17.8,12.3,12.6,0
5.3,7.2,7.1,8.0,4.9,2.8,4.15,8.0,0
19.82,23.4,21.2,23.5,27.7,17.8,18.3,20.3,0
5.8,15.5,9.8,15.7,15.75,7.1,5.7,6.0,0
48.95,42.35,51.44,44.05,52.25,54.8,44.37,19.57,0
3.1,3.9,4.8,3.9,7.0,6.6,5.9,5.7,0
6.0,6.0,5.8,6.2,6.25,6.1,6.25,6.3,0
19.15,14.0,15.0,11.74,16.0,16.65,14.0,7.3,0
17.7,19.22,19.5,19.95,21.6,22.3,22.58,22.03,0
32.1,32.2,33.4,32.1,33.3,30.1,32.0,31.1,1
38.4,40.9,41.1,37.3,42.4,39.9,41.25,42.7,1
11.0,11.0,11.1,11.0,11.0,11.0,9.6,5.2,0
46.83,47.01,48.43,51.15,51.72,52.62,53.35,54.83,1
130.8,136.1,133.1,141.5,132.0,134.7,134.1,134.9,1
12.7,13.1,10.5,10.6,12.0,12.8,11.2,11.0,0
13.62,14.62,16.31,17.09,13.96,6.31,9.16,8.56,0
53.53,53.63,55.4,56.2,56.4,58.12,59.6,61.5,1
15.2,15.2,15.2,15.2,16.4,14.2,17.2,14.2,0
8.2,10.3,10.1,10.2,10.6,10.1,8.0,10.3,0
19.37,21.33,22.01,23.48,22.1,22.14,22.3,21.8,0
63.55,64.45,64.37,64.42,66.07,66.05,72.6,74.5,1
12.26,13.75,13.25,12.75,12.35,12.35,16.15,14.05,0
13.97,12.35,11.92,6.4,11.57,9.85,10.91,14.88,0
15.3,12.43,15.75,14.1,16.58,15.28,13.1,13.95,0
42.85,42.85,48.05,49.35,49.65,49.11,49.02,47.9,1
65.1,66.5,66.8,64.9,66.7,64.4,65.0,65.1,1
7.65,12.9,15.95,5.4,13.1,3.0,9.75,4.7,0
6.8,6.8,6.8,5.8,6.0,6.0,6.5,6.2,0
7.3,9.0,10.0,13.3,15.45,13.2,14.5,15.2,0
31.11,33.53,31.7,32.9,40.29,40.53,41.0,41.2,1
30.55,25.3,27.0,27.52,27.0,26.4,26.05,9.99,0
12.85,15.35,15.55,15.55,15.95,15.55,10.05,6.45,0
39.2,40.5,41.5,43.14,44.32,43.73,45.5,45.93,1
66.1,75.6,85.0,90.0,93.0,97.2,116.9,15.23,0
8.9,10.1,5.3,7.85,9.7,10.0,4.6,5.7,0
10.0,10.0,8.8,9.0,10.0,10.0,9.2,9.0,0
7.84,10.67,10.3,10.5,9.1,9.9,10.1,10.71,0
3.85,7.15,6.6,7.0,7.7,5.85,7.22,8.1,0
11.6,11.4,12.0,13.1,12.9,10.3,10.2,9.6,0
21.1,22.0,23.5,23.9,24.9,25.5,21.2,21.4,0
6.37,6.48,6.55,6.6,6.78,6.9,5.88,5.98,0
16.6,15.6,15.9,16.9,22.0,19.0,21.45,21.5,0
9.5,10.5,11.0,7.2,10.35,11.0,5.7,7.7,0
15.75,15.78,6.9,7.0,14.7,4.1,6.55,12.4,0
109.15,94.0,78.05,68.0,86.0,139.0,79.0,11.0,0
14.95,15.17,15.2,17.8,16.05,16.72,17.6,17.85,0
14.46,15.38,16.5,18.0,16.43,14.98,11.6,15.7,0
58.19,54.69,55.69,56.69,58.69,57.2,57.94,56.39,1
9.3,6.4,7.0,8.2,8.5,6.8,7.4,6.5,0
10.1,13.6,13.1,11.77,11.9,11.7,12.8,12.8,0
83.65,83.95,83.16,83.26,87.16,87.9,94.65,94.8,1
15.0,22.1,25.65,26.05,27.15,17.05,10.6,8.15,0
12.1,12.4,7.2,11.0,13.3,11.5,6.0,8.3,0
184.92,184.82,185.32,196.02,193.82,185.72,184.94,184.72,1
38.05,38.25,37.33,37.73,39.28,40.15,40.2,40.1,1
5.1,6.5,6.3,6.1,6.5,3.2,3.6,5.5,0
36.9,35.0,37.4,35.9,39.75,38.7,38.2,39.5,1
85.1,92.1,101.9,106.5,113.4,120.9,59.42,18.2,0
11.5,12.3,5.2,3.8,4.2,3.9,3.5,3.8,0
79.88,70.78,82.08,65.48,76.33,78.0,77.58,78.6,1
88.9,86.3,97.6,80.0,90.15,91.55,91.1,92.2,1
18.85,32.95,35.05,35.75,12.1,30.25,31.8,29.8,1
43.3,50.9,42.9,55.0,59.6,60.6,67.6,72.0,1
18.6,19.4,20.7,21.15,21.7,22.55,24.0,24.3,0
19.2,20.81,27.8,16.86,18.15,18.29,17.3,19.0,0
15.5,17.0,17.5,16.9,17.5,14.0,14.3,14.1,0
13.3,10.9,9.2,7.3,6.0,8.1,8.0,7.6,0
109.3,108.7,107.7,109.15,106.4,108.75,108.2,107.8,1
7.0,7.0,8.3,6.5,7.6,8.5,5.6,7.3,0
21.1,22.05,23.3,23.0,22.7,23.4,22.72,22.8,0
8.1,7.2,5.5,6.5,10.5,6.25,4.9,6.8,0
3.95,7.9,5.8,11.2,6.8,3.36,6.1,5.3,0
41.95,42.15,42.7,42.45,42.55,43.35,8.28,43.15,1
99.1,106.7,114.2,120.3,123.0,126.3,142.95,20.08,0
10.82,15.12,11.6,13.0,14.95,10.22,9.69,14.65,0
9.0,10.4,12.0,13.1,12.3,13.1,13.15,12.4,0
11.64,11.85,13.1,14.35,16.1,16.5,17.6,18.2,0
12.75,12.85,12.58,11.98,12.78,13.7,10.7,12.8,0
18.6,36.3,28.0,29.8,16.4,17.1,29.6,8.95,0
36.95,29.95,41.5,16.71,28.9,25.5,11.3,7.9,0
5.85,10.42,11.75,7.5,8.5,4.9,7.1,6.75,0
38.95,88.1,90.65,91.1,85.9,81.2,88.2,118.9,1
30.75,30.9,30.83,30.98,32.38,33.25,55.45,56.2,1
13.3,14.9,12.1,14.68,13.7,13.2,14.5,9.1,0
8.0,9.6,8.5,10.9,12.6,9.5,10.1,10.4,0
10.73,12.3,11.6,13.4,14.5,8.6,9.0,12.14,0
19.6,19.3,13.9,11.6,14.6,13.5,15.5,16.2,0
11.08,11.55,11.6,11.0,10.7,11.52,12.9,14.1,0
16.9,18.2,16.7,15.6,21.8,20.0,21.3,23.4,0
29.55,33.5,30.3,30.15,30.5,31.6,22.0,21.1,0
44.94,45.44,47.84,46.24,51.94,52.94,49.74,55.14,1
16.5,19.0,22.8,32.6,20.5,17.41,17.7,13.75,0
7.55,6.9,6.6,13.15,4.9,5.7,6.2,5.4,0
33.4,35.2,36.66,37.96,39.86,39.3,39.5,37.7,1
24.65,24.65,12.13,16.9,21.25,23.0,17.02,2.25,0
5.76,5.98,9.37,7.73,7.46,7.86,8.38,5.27,0
28.8,30.3,34.1,33.5,36.1,32.6,28.1,28.1,1
126.6,122.9,125.8,128.3,124.0,118.7,121.4,125.3,1
4.6,6.8,6.4,4.4,6.8,6.8,5.4,5.3,0
2.9,3.4,3.2,4.2,6.2,3.05,2.5,4.3,0
22.4,27.8,28.7,31.4,21.5,16.7,27.6,15.2,0
34.35,34.0,34.0,33.8,34.6,32.6,33.3,33.6,1
105.7,108.4,106.3,109.4,113.0,104.3,104.2,108.2,1
9.0,36.6,27.6,18.4,28.7,9.65,11.92,8.63,0
19.5,22.8,22.0,22.1,13.7,11.4,14.3,15.1,0
5.05,5.3,6.45,5.1,7.8,8.8,5.9,6.45,0
10.57,10.87,10.96,11.07,11.32,11.71,9.8,9.4,0
43.0,42.0,40.0,41.0,40.2,35.3,30.0,30.0,1
18.67,20.8,25.9,19.65,32.7,32.8,24.7,26.5,1
15.0,14.3,13.0,13.2,15.5,12.9,13.3,12.2,0
9.4,10.0,10.2,12.0,13.1,9.8,4.9,5.5,0
11.0,10.3,10.2,10.0,11.6,11.7,11.9,11.0,0
12.25,24.25,47.81,14.57,22.17,18.15,20.75,4.22,0
181.1,184.2,184.3,186.3,188.0,178.7,178.6,184.1,1
8.0,8.0,6.5,5.5,5.8,7.9,7.2,6.1,0
55.6,55.59,71.34,72.42,72.45,73.0,74.15,75.5,1
35.06,38.1,38.4,38.7,38.95,39.01,39.4,38.5,1
29.5,32.3,35.9,31.4,36.3,35.0,24.0,30.0,1
8.0,8.6,8.4,8.8,10.15,8.1,8.0,8.5,0
8.25,8.5,8.4,8.55,8.6,6.0,6.85,6.9,0
12.8,13.65,14.6,15.1,13.1,10.9,13.5,8.18,0
9.02,8.7,9.7,9.8,9.18,10.02,11.3,11.9,0
7.0,8.1,9.4,12.0,10.3,7.9,7.9,9.5,0
4.2,6.75,7.5,10.9,5.64,3.98,14.7,2.95,0
10.85,11.4,13.5,9.1,10.8,7.6,7.0,2.95,0
41.31,39.82,40.8,42.15,42.2,43.0,44.9,46.0,1
25.3,22.7,28.3,24.2,25.4,22.9,22.4,23.15,0
12.05,12.5,12.55,12.63,13.5,14.15,12.75,13.2,0
11.1,11.7,13.2,11.6,15.6,11.1,10.8,11.9,0
6.9,10.2,12.5,11.9,12.0,5.6,7.0,6.8,0
13.0,14.9,11.8,14.4,13.7,12.2,12.4,11.8,0
11.4,14.2,11.9,13.0,12.9,8.0,11.6,11.2,0
2.2,4.5,2.3,3.3,5.7,1.8,2.7,2.0,0
12.5,8.6,14.0,16.16,19.5,14.75,16.97,17.42,0
2.8,4.66,7.24,2.45,6.2,4.7,2.95,2.92,0
84.1,91.8,95.8,92.4,99.1,106.0,109.9,123.2,1
24.2,30.0,33.2,33.4,10.0,10.09,8.77,5.8,0
14.1,15.8,16.55,17.52,17.16,17.0,16.5,16.25,0
110.48,112.88,112.28,112.08,125.98,122.58,122.08,122.98,1
6.4,6.4,6.2,7.4,6.39,7.0,7.8,8.2,0
6.9,10.5,8.8,5.2,7.65,4.3,4.9,6.0,0
2.87,6.25,3.75,8.0,7.45,4.6,4.25,10.3,0
6.2,6.8,6.1,7.4,6.6,6.1,8.2,5.9,0
12.0,12.65,6.5,9.16,10.06,8.7,5.5,5.63,0
18.2,20.0,23.0,24.8,24.8,22.24,23.5,23.5,0
69.05,9.55,10.05,10.15,10.85,11.35,10.25,11.2,0
12.2,15.7,15.9,15.6,17.6,8.2,8.8,9.6,0
7.3,8.1,6.5,8.7,8.0,8.0,7.9,7.7,0
6.98,8.12,8.0,10.0,9.4,4.81,4.45,8.3,0
7.45,7.6,13.5,5.05,8.15,3.55,1.43,1.03,0
43.58,43.58,47.51,43.5,50.96,49.79,46.6,51.9,1
48.6,50.22,53.5,52.6,54.3,54.6,58.2,58.6,1
13.2,13.4,11.94,12.95,12.88,11.42,6.3,13.48,0
9.5,9.4,7.41,10.08,9.72,9.33,15.9,11.34,0
61.5,61.8,68.2,69.8,69.83,70.4,70.92,72.0,1
4.53,5.85,4.65,5.0,5.75,5.35,5.33,5.3,0
17.5,18.1,18.5,18.6,19.35,19.9,20.1,19.2,0
16.33,19.15,17.85,18.65,19.0,16.6,19.1,19.8,0
9.0,15.6,14.0,14.2,15.1,17.6,7.0,14.2,0
32.6,33.9,35.0,33.9,37.8,38.2,38.8,39.4,1
59.9,59.8,62.7,62.9,64.9,66.2,69.8,69.1,1
143.7,142.9,150.9,151.3,155.6,151.8,149.3,150.4,1
6.9,8.9,7.6,7.6,7.5,7.8,7.4,7.5,0
12.9,13.0,15.8,8.6,11.1,8.8,10.8,12.4,0
8.31,12.45,8.0,10.2,8.95,7.6,10.25,8.5,0
19.8,19.63,19.4,19.37,19.23,19.26,18.62,18.34,0
10.04,11.1,12.25,12.51,11.7,10.75,11.8,10.15,0
8.1,10.5,10.1,10.4,10.75,7.5,10.5,10.1,0
13.0,16.8,14.5,16.8,16.0,9.55,11.7,6.2,0
9.54,10.07,9.5,11.0,11.93,7.85,7.45,8.98,0
28.96,30.48,31.81,41.9,43.6,42.21,42.75,43.9,1
26.0,28.9,26.8,32.2,33.0,34.55,37.5,39.3,1
10.3,10.8,11.0,11.5,12.0,10.7,10.05,10.6,0
17.35,17.3,17.8,18.1,18.1,18.5,19.2,19.65,0
18.05,21.83,17.9,20.15,19.87,12.78,14.07,21.5,0
30.29,28.19,31.1,31.3,32.16,20.39,18.6,19.9,0
21.59,23.54,25.09,25.29,24.89,25.29,25.35,25.5,1
185.34,185.72,194.6,190.36,178.87,194.08,195.41,195.72,1
16.6,16.6,12.3,11.0,14.1,12.5,11.2,11.1,0
9.3,9.0,9.04,9.1,9.6,9.8,10.2,10.6,0
25.49,17.65,21.6,8.96,20.5,24.2,14.5,19.5,0
24.55,20.1,22.04,22.48,25.15,24.1,25.95,13.86,0
81.49,81.04,83.04,84.64,84.71,85.26,86.4,88.0,1
21.03,20.98,21.93,21.93,22.05,22.73,25.98,24.01,0
9.1,9.5,9.2,9.6,12.6,8.0,8.6,8.2,0
10.0,9.0,4.6,5.7,6.5,5.0,5.2,5.0,0
8.4,10.2,8.9,9.5,10.9,7.6,8.8,10.2,0
14.35,21.9,15.5,16.4,15.74,14.94,15.4,11.8,0
19.78,13.2,16.2,10.88,13.02,21.05,10.9,8.2,0
10.3,14.8,15.58,14.95,19.79,10.25,15.0,4.68,0
7.5,7.7,6.0,7.2,7.5,7.5,5.2,5.8,0
65.9,68.4,68.6,71.4,72.1,71.7,73.1,73.1,1
7.5,7.25,11.6,10.85,12.15,9.6,10.36,9.45,0
18.15,18.95,19.55,20.02,21.15,21.15,21.6,20.65,0
10.3,10.9,11.5,11.5,11.6,10.15,10.0,10.0,0
1.5,1.45,5.7,1.3,6.95,4.23,5.73,2.9,0
28.25,36.55,47.57,39.8,49.52,49.6,31.7,23.9,0
3.75,4.58,5.92,4.75,7.4,2.6,3.07,3.17,0
13.82,14.9,13.6,16.45,14.15,11.85,14.2,13.95,0
38.25,40.7,41.2,42.0,44.9,43.7,43.9,45.0,1
5.9,6.7,6.9,7.5,4.1,9.9,5.5,6.8,0
104.9,104.2,104.76,105.4,100.25,99.78,110.6,112.36,1
46.8,53.2,48.65,47.39,60.3,59.43,59.55,59.55,1
15.4,16.0,10.1,9.8,10.2,10.1,9.1,7.5,0
8.3,5.5,11.62,8.93,13.82,11.4,10.1,6.71,0
31.3,32.7,34.67,36.31,36.66,35.6,36.3,36.2,1
9.0,9.8,7.5,7.1,9.4,8.2,6.4,6.3,0
7.05,7.45,6.45,7.0,7.85,9.1,9.45,9.6,0
21.12,21.3,22.15,22.98,23.63,24.36,25.15,26.21,1
31.72,37.3,46.2,51.2,31.2,27.54,27.5,20.9,0
76.8,74.5,74.1,71.7,73.6,75.1,73.9,73.8,1
35.6,41.5,43.0,40.3,41.5,41.8,22.84,13.49,0
26.1,28.0,29.76,31.33,31.36,30.12,28.51,25.58,1
13.05,13.1,12.98,13.08,14.28,15.05,19.2,19.1,0
21.7,20.4,21.4,23.9,22.8,21.47,21.2,21.04,0
20.95,21.1,21.17,21.6,20.56,20.7,21.7,22.1,0
13.5,13.5,13.6,11.3,13.0,10.8,10.0,9.5,0
32.0,32.6,33.3,34.98,35.72,34.51,32.24,31.51,1
38.65,40.14,42.07,43.68,44.03,43.55,44.9,45.32,1
7.8,7.5,13.5,8.0,10.8,3.75,6.2,9.7,0
19.2,20.5,20.5,21.3,22.4,22.5,23.3,23.2,0
10.8,10.5,9.2,7.1,10.5,10.1,7.8,7.7,0
23.27,26.5,29.5,25.35,26.1,25.2,26.8,26.7,1
30.8,28.7,24.2,36.4,36.4,26.8,23.3,27.9,1
9.25,13.7,9.2,10.3,10.8,6.3,5.5,6.5,0
18.07,19.97,20.47,22.0,22.97,19.55,21.11,19.15,0
30.48,33.53,34.84,34.85,32.04,33.0,33.6,33.0,1
10.72,9.38,4.6,7.0,6.67,3.1,4.13,4.3,0
46.0,54.9,54.7,53.5,54.5,50.9,34.72,25.15,1
21.11,19.02,27.52,16.55,19.6,17.3,14.4,10.9,0
71.4,84.0,91.4,98.5,101.9,102.3,58.88,14.36,0
12.02,14.8,14.3,12.1,16.1,9.8,16.9,15.5,0
40.25,42.17,43.99,45.81,47.8,46.85,46.87,48.25,1
60.1,60.5,63.6,64.7,71.9,71.5,75.7,75.2,1
117.7,109.1,108.35,111.2,118.6,107.9,107.0,111.6,1
56.65,53.2,56.3,56.8,55.1,52.6,56.6,56.7,1
16.0,15.4,16.1,15.9,17.5,17.1,16.65,16.4,0
61.85,62.05,61.51,61.66,63.36,64.1,64.7,65.2,1
12.3,13.2,11.6,14.35,14.0,14.0,13.8,13.0,0
7.0,6.8,7.6,8.2,7.9,8.4,8.0,7.5,0
10.6,13.5,8.52,11.3,12.6,8.5,12.7,7.85,0
12.44,10.85,12.4,11.8,12.75,12.9,12.0,7.3,0
4.84,5.4,3.79,5.08,5.89,7.19,7.3,6.54,0
64.45,64.84,67.0,68.4,68.52,69.35,71.4,73.0,1
25.82,27.0,27.9,28.5,28.18,29.0,30.9,31.75,1
5.61,5.99,6.07,6.11,6.22,4.87,5.82,6.7,0
4.7,5.7,5.1,6.1,7.5,7.8,5.2,5.5,0
6.6,7.5,6.2,9.8,5.9,6.7,8.2,6.1,0
5.9,7.0,7.0,7.0,7.0,7.0,6.0,6.5,0
40.2,41.4,43.1,44.6,44.7,44.7,44.4,46.8,1
9.8,10.0,10.0,9.8,10.0,10.0,10.0,10.0,0
92.79,92.84,93.64,94.49,93.29,95.99,93.69,92.89,1
16.1,5.95,28.2,28.1,31.5,18.4,18.6,13.6,0
20.85,20.85,23.9,17.2,23.3,22.0,20.55,17.2,0
8.6,9.4,14.0,14.1,10.0,9.9,12.0,9.8,0
8.1,10.0,9.1,9.35,10.5,9.1,8.8,8.9,0
16.0,16.1,19.2,18.3,20.4,17.3,15.1,16.5,0
64.06,64.2,66.25,68.7,68.86,62.5,70.54,72.62,1
53.53,58.6,53.8,52.75,52.7,55.8,55.0,55.95,1
11.4,12.8,12.9,11.6,14.5,9.3,6.3,9.5,0
37.95,36.3,36.5,35.4,36.4,37.7,35.9,35.1,1
64.85,65.55,65.51,65.46,66.41,66.35,66.55,75.7,1
81.2,78.5,83.3,86.1,86.6,86.2,85.8,87.3,1
11.45,15.0,10.72,15.1,15.0,10.8,12.1,16.1,0
5.1,6.5,5.25,5.35,5.3,5.1,5.85,5.2,0
19.9,20.1,15.6,18.0,22.0,17.0,11.4,11.6,0
26.05,25.65,26.5,27.4,29.1,23.7,31.9,33.8,1
17.05,18.0,18.8,19.13,19.0,20.2,19.9,19.1,0
33.1,35.02,36.92,38.67,40.52,39.24,39.18,40.83,1
9.5,9.5,6.9,5.4,6.4,9.5,8.2,5.2,0
7.3,11.0,8.7,8.9,10.3,6.7,6.8,7.5,0
27.8,29.77,31.89,33.49,35.59,36.4,38.1,37.5,1
9.23,10.8,7.5,10.65,11.3,7.9,9.3,9.35,0
7.3,8.45,6.5,6.1,6.6,7.9,4.9,6.7,0
7.48,8.16,9.16,7.96,7.06,7.88,8.7,8.85,0
49.28,50.77,53.47,52.85,58.82,58.82,58.82,58.82,1
49.9,55.1,56.7,65.6,68.1,65.1,66.2,67.1,1
12.4,12.6,13.5,13.35,12.45,11.74,12.84,16.69,0
1.9,2.5,2.4,2.3,2.3,4.7,2.5,3.9,0
10.95,10.95,8.3,10.2,11.3,10.8,10.0,8.8,0
72.6,74.5,75.3,78.5,79.5,80.0,81.4,82.0,1
68.5,56.2,57.83,59.8,59.83,60.9,61.87,63.0,1
1.6,2.05,1.9,1.92,2.3,2.45,1.35,0.97,0
11.95,10.2,12.66,8.1,10.15,9.3,4.8,3.5,0
8.88,19.4,7.03,9.8,15.2,9.2,11.0,11.75,0
65.6,66.5,67.3,69.5,69.5,69.5,71.9,73.0,1
4.7,9.0,6.15,10.5,12.3,7.21,12.15,11.1,0
3.5,4.5,3.3,3.7,4.5,4.0,3.6,3.7,0
4.4,10.5,4.6,4.3,5.2,4.9,5.5,4.85,0
6.25,11.0,8.3,8.3,11.05,7.05,8.81,11.86,0
9.7,11.8,11.0,11.8,11.8,5.6,10.2,10.5,0
38.95,39.65,42.05,42.1,41.1,49.45,41.8,52.0,1
33.1,33.65,35.95,37.49,39.2,39.42,41.55,43.48,1
21.88,24.2,23.59,25.18,27.22,27.47,28.31,29.13,1
50.45,52.41,54.39,56.15,58.06,58.63,57.24,57.9,1
6.0,14.5,7.8,14.6,14.7,11.9,5.2,4.5,0
23.15,24.85,25.8,20.37,25.08,23.57,19.75,27.25,1
60.85,73.0,73.5,76.0,77.0,77.6,78.0,78.0,1
3.7,6.75,3.9,4.5,3.9,3.4,3.7,3.9,0
34.1,36.09,38.2,39.86,39.97,39.0,37.98,36.2,1
79.05,78.65,79.2,79.8,79.25,79.95,80.3,79.9,1
11.84,12.5,13.87,13.26,14.96,15.6,16.95,16.0,0
11.3,11.75,11.75,11.48,1.5,1.5,11.7,1.1,0
11.2,11.5,8.6,8.8,7.6,9.9,9.7,8.9,0
13.0,15.3,12.7,12.5,14.2,17.8,14.1,11.2,0
69.0,61.65,64.41,62.19,62.63,65.3,62.0,27.15,1
32.04,33.54,34.01,35.18,37.08,15.85,37.65,39.64,1
10.2,10.6,6.6,10.5,11.3,11.1,3.7,10.6,0
10.1,10.65,10.5,10.73,10.7,10.9,11.02,12.85,0
7.4,7.4,7.2,7.4,7.4,7.4,7.4,7.4,0
12.7,13.35,13.45,13.58,14.65,15.15,12.65,13.05,0
36.14,39.09,36.29,36.09,36.47,36.09,36.09,35.89,1
40.63,41.56,40.38,36.38,38.34,39.48,39.63,41.31,1
6.1,6.3,5.4,6.4,5.7,5.1,6.3,5.8,0
19.3,23.8,21.5,24.5,35.5,15.0,14.5,15.15,0
17.25,19.75,22.1,16.5,23.8,26.27,24.8,25.1,1
65.55,65.65,65.75,68.3,69.4,78.2,78.7,79.7,1
57.4,58.3,62.4,63.5,69.3,63.5,62.7,65.4,1
11.36,12.98,13.65,15.23,12.68,13.0,13.35,13.6,0
152.02,153.28,162.62,160.04,157.84,160.94,160.47,165.23,1
17.8,18.1,18.15,18.75,19.7,19.8,20.05,20.2,0
21.6,24.2,24.4,25.41,26.33,26.9,27.95,28.85,1
18.1,18.3,22.3,7.6,11.85,5.25,5.65,4.15,0
6.52,6.62,4.87,7.9,7.2,7.7,8.0,6.57,0
33.9,34.8,29.2,40.4,35.7,17.95,15.3,6.6,0
8.2,8.6,6.6,7.4,7.8,7.2,6.6,6.9,0
35.02,43.72,38.0,23.9,39.8,31.0,24.7,23.6,0
3.05,5.4,8.25,11.15,10.9,6.75,9.75,10.45,0
9.3,11.78,9.01,11.96,18.16,8.14,8.56,8.11,0
26.0,33.0,42.7,44.5,45.0,47.8,23.92,1.23,0
10.33,9.75,14.31,15.7,18.5,5.65,9.85,2.9,0
10.0,10.0,6.3,5.4,8.5,9.1,8.9,10.2,0
6.19,15.59,4.73,10.29,10.74,9.69,4.69,11.89,0
13.15,15.45,18.9,16.7,25.4,20.85,10.8,10.8,0
34.1,34.3,34.6,32.7,34.3,34.7,33.1,32.9,1
9.0,12.9,18.4,20.3,13.1,2.15,2.72,1.67,0
109.6,103.0,103.5,103.9,103.7,104.0,102.7,105.4,1
4.9,7.0,4.8,6.4,5.6,3.6,6.0,4.0,0
7.4,7.8,10.5,6.8,8.5,7.2,8.7,8.3,0
6.16,6.16,3.41,4.48,8.0,9.55,4.9,44.58,1
6.5,10.0,6.3,5.7,7.0,7.0,6.2,5.3,0
43.5,53.8,63.0,71.9,76.9,82.6,47.53,19.85,0
14.75,12.7,11.0,18.1,19.1,23.05,23.2,17.2,0
9.35,7.45,22.55,15.45,24.65,9.85,10.75,3.55,0
9.8,10.75,10.2,11.8,8.8,10.07,10.8,11.3,0
10.9,10.7,11.1,10.4,11.2,10.5,10.9,11.4,0
32.45,31.7,31.0,29.5,30.6,30.6,29.8,30.2,1
144.9,145.35,148.2,149.9,149.0,151.1,150.3,148.1,1
31.6,34.65,34.8,35.1,37.2,37.4,42.9,44.0,1
12.8,12.8,6.3,6.2,4.8,8.8,10.3,5.9,0
11.32,11.92,12.32,12.52,16.8,18.0,18.4,18.05,0
14.02,15.2,16.75,14.85,13.8,13.3,15.13,15.79,0
35.55,36.65,36.28,36.63,38.28,39.15,50.45,50.5,1
17.8,18.45,17.5,19.0,18.8,17.5,18.85,19.2,0
12.19,12.19,13.22,13.5,13.5,13.71,13.85,14.0,0
14.12,16.4,10.1,13.1,12.95,22.5,20.5,20.1,0
31.5,33.4,35.39,36.74,38.86,37.8,38.1,38.85,1
18.2,19.2,19.7,20.95,21.09,21.25,19.8,18.3,0
5.8,7.1,6.7,5.3,7.0,6.09,4.6,6.4,0
3.4,5.7,8.3,9.1,9.2,4.0,2.3,2.5,0
45.2,46.6,50.3,50.5,55.9,57.4,60.4,58.0,1
8.5,8.5,7.2,7.0,8.5,8.5,7.2,7.2,0
19.6,21.3,24.15,25.6,25.1,22.8,24.9,25.4,1
32.88,32.75,32.55,32.25,32.85,32.95,33.08,33.1,1
11.7,20.7,16.5,20.03,22.32,18.84,23.6,23.6,0
77.4,85.6,96.1,100.0,104.8,106.7,94.35,23.5,0
5.95,5.85,5.61,5.51,5.61,5.05,5.8,5.6,0
14.3,11.7,9.4,10.4,11.6,11.7,11.55,15.1,0
23.7,25.2,25.3,29.0,24.8,25.2,28.05,26.3,1
5.4,5.5,4.8,5.4,7.0,5.3,4.9,4.8,0
7.3,10.0,9.1,9.68,11.4,10.3,11.8,10.2,0
11.65,11.7,11.63,11.68,12.23,13.25,8.65,9.1,0
38.05,41.22,41.82,40.5,42.3,42.0,44.52,44.75,1
11.2,20.5,4.2,20.9,17.0,10.0,14.2,9.1,0
56.8,61.3,68.1,70.3,80.0,85.2,90.15,89.4,1
39.9,39.1,39.2,39.55,40.5,43.3,45.6,46.8,1
96.7,98.5,110.5,112.0,112.0,111.2,112.8,113.0,1
14.72,14.79,12.49,8.96,9.89,10.01,9.93,9.67,0
39.63,39.63,42.8,42.6,44.19,45.1,45.4,44.6,1
8.2,14.4,13.1,14.4,9.8,8.6,10.8,9.76,0
151.05,152.9,154.9,156.0,155.3,159.7,159.1,155.7,1
8.35,13.0,15.75,16.35,20.25,5.85,10.45,4.75,0
42.7,43.3,43.75,44.85,52.9,52.5,55.0,56.8,1
10.85,9.9,11.0,11.0,11.0,9.6,11.0,10.5,0
20.35,22.75,22.77,22.35,16.2,21.68,21.02,20.69,0
34.0,34.6,38.1,33.6,36.3,37.1,34.7,38.1,1
10.6,10.8,9.0,9.1,9.3,9.25,10.1,5.9,0
176.65,178.75,181.0,187.85,178.95,177.15,177.05,178.1,1
14.6,13.6,15.7,10.9,14.93,14.0,13.2,12.9,0
41.75,43.51,45.45,46.0,48.07,48.8,49.0,49.0,1
20.9,17.1,20.2,13.8,25.2,21.5,22.9,23.8,0
4.61,10.39,13.95,16.0,13.74,13.06,8.42,6.85,0
17.4,18.25,17.0,18.5,20.0,17.24,14.46,12.66,0
33.2,33.5,35.25,34.3,36.7,36.2,35.8,36.6,1
6.2,6.9,6.9,6.95,7.2,7.35,7.45,7.8,0
149.2,135.6,141.5,138.1,160.1,164.1,164.1,164.7,1
38.7,47.1,50.8,51.2,52.4,53.85,64.0,52.0,1
99.6,103.6,103.7,99.1,102.9,102.2,101.7,101.4,1
20.5,39.2,54.8,53.8,42.3,22.6,26.8,18.3,0
11.6,14.2,14.0,8.5,14.0,9.85,12.2,6.2,0
19.81,21.34,22.5,22.8,25.8,25.9,26.1,25.5,1
26.29,26.29,26.1,22.7,24.2,23.94,21.85,19.4,0
40.6,41.4,42.8,44.57,47.43,47.9,46.39,47.18,1
8.5,9.4,8.0,7.1,9.4,7.3,7.5,7.8,0
73.4,74.5,76.8,80.2,82.5,76.5,78.3,79.1,1
38.55,42.55,30.14,36.95,32.71,47.75,54.11,15.83,0
34.65,17.3,26.05,12.65,29.03,20.76,10.11,5.3,0
4.6,5.35,5.15,5.15,10.25,10.5,11.0,11.45,0
4.7,4.7,4.15,4.6,5.0,4.3,3.8,7.1,0
99.3,92.4,92.1,89.9,93.1,93.2,91.9,88.8,1
13.6,15.1,15.9,15.3,17.9,16.9,16.65,15.95,0
3.7,6.75,7.0,6.5,6.75,7.0,5.2,7.0,0
111.0,118.31,119.56,119.44,124.06,180.36,119.88,126.45,1
32.8,33.7,34.9,34.9,38.7,34.9,34.4,34.35,1
10.5,13.0,11.5,12.4,12.6,9.2,12.0,11.6,0
43.74,43.74,30.8,21.09,31.2,31.3,33.25,38.4,1
68.4,77.9,88.0,45.67,49.3,54.8,3.46,13.5,0
8.92,7.74,7.83,10.18,11.37,11.53,14.25,16.45,0
8.9,9.1,10.1,11.1,12.0,8.5,7.8,15.3,0
42.0,42.7,43.2,45.55,45.8,45.6,48.9,47.3,1
9.9,12.6,12.7,14.2,14.8,13.2,13.3,16.0,0
99.06,99.56,100.75,101.56,96.38,102.4,101.78,101.75,1
31.15,36.8,38.9,58.3,57.9,35.1,38.6,26.5,1
55.55,59.15,61.3,62.1,53.35,39.45,54.73,55.65,1
84.7,84.1,84.25,83.7,82.7,85.5,85.2,85.4,1
10.6,10.5,6.8,6.2,6.8,3.0,6.8,6.4,0
21.0,24.3,24.28,24.43,25.85,26.45,27.15,27.4,1
27.6,29.1,31.0,32.69,33.8,34.01,33.3,34.2,1
17.1,18.2,18.0,17.8,13.3,12.4,14.3,14.9,0
8.2,6.25,6.7,6.95,7.1,3.2,7.3,5.05,0
48.2,47.8,44.9,40.9,42.4,45.3,44.8,49.7,1
6.6,8.35,8.3,7.9,9.6,5.7,5.8,5.9,0
94.05,92.75,94.3,92.1,97.8,97.75,96.5,98.9,1
13.0,14.5,14.5,14.0,13.5,4.4,7.9,6.4,0
24.0,25.7,30.6,25.2,36.0,33.6,34.1,32.85,1
22.7,22.4,25.9,23.7,27.1,20.9,16.9,19.4,0
18.0,18.75,19.6,21.35,22.05,22.55,23.4,23.28,0
8.9,1.35,7.5,1.4,1.5,7.12,9.7,8.72,0
44.0,44.0,33.2,34.8,39.4,24.59,33.0,18.9,0
51.9,51.9,52.65,52.6,57.8,81.1,82.0,81.2,1
5.15,7.5,7.0,7.3,7.6,5.3,5.6,5.4,0
7.05,7.15,6.6,6.7,7.4,8.05,8.1,8.2,0
12.28,8.26,7.3,10.8,13.5,4.54,5.37,7.48,0
53.1,58.1,65.75,63.2,70.8,71.0,71.9,71.4,1
8.5,10.6,10.6,12.0,12.13,10.2,11.6,13.6,0
3.78,3.76,4.74,2.74,7.62,1.44,3.39,4.96,0
56.6,57.1,57.6,55.8,56.2,57.6,57.1,60.2,1
5.1,4.85,6.7,6.1,7.0,4.5,3.25,7.4,0
44.3,45.5,50.3,62.4,61.0,60.65,65.0,64.5,1
58.95,59.5,59.75,61.6,61.64,67.92,63.54,64.9,1
20.2,21.95,27.3,16.5,29.15,18.4,20.5,8.0,0
11.8,14.3,17.5,14.3,15.01,13.75,13.86,5.36,0
17.2,17.5,27.0,16.8,21.2,19.3,17.5,17.5,0
21.65,23.0,24.4,24.9,23.45,24.0,25.05,26.1,1
5.96,6.21,5.5,5.39,4.62,6.75,6.0,6.2,0
8.5,8.0,16.5,13.3,13.1,6.2,7.5,7.8,0
5.5,7.0,5.5,6.4,6.5,7.3,7.3,6.4,0
27.0,27.75,27.35,28.05,28.1,28.3,28.9,29.6,1
9.5,9.8,11.3,11.0,11.0,6.2,6.87,7.4,0
5.6,5.8,6.0,5.6,5.9,6.2,5.4,5.9,0
32.8,39.8,46.0,49.5,51.8,50.9,11.3,6.45,0
62.0,67.8,72.1,73.5,75.9,75.9,61.7,42.35,1
15.8,15.74,15.35,15.53,15.24,15.26,15.36,15.61,0
12.2,18.4,25.7,27.3,14.6,10.1,27.1,25.0,1
12.4,14.8,12.55,12.75,13.8,14.2,14.35,14.4,0
17.0,16.83,17.4,17.3,16.27,16.38,17.2,17.3,0
6.6,7.1,7.08,7.13,7.1,7.38,7.53,7.85,0
10.8,11.0,10.2,9.0,11.9,11.3,10.2,10.1,0
7.28,7.15,6.65,7.9,8.7,3.8,6.5,5.9,0
5.8,6.2,6.8,6.3,6.9,6.9,4.5,5.4,0
20.6,24.45,23.72,24.42,24.47,24.87,25.17,25.09,1
15.7,15.9,15.6,18.3,15.8,13.64,16.9,14.2,0
6.0,3.6,4.95,4.09,5.2,5.01,5.0,1.08,0
28.8,30.77,32.73,34.59,36.84,38.63,40.67,40.24,1
118.5,116.2,121.6,121.0,121.15,120.6,128.2,127.6,1
34.12,34.64,36.5,38.0,38.15,39.55,41.3,42.5,1
20.25,20.75,21.25,21.75,22.0,21.75,19.5,19.75,0
1.6,3.9,3.75,1.1,1.55,1.2,2.35,0.6,0
12.2,6.8,5.7,9.65,9.5,4.6,5.9,5.55,0
138.9,141.9,137.5,144.35,150.9,144.4,144.7,146.3,1
13.1,13.3,10.5,16.55,18.1,11.1,15.6,13.1,0
23.9,28.0,30.0,28.0,30.9,30.58,30.98,30.48,1
4.25,4.65,5.3,6.89,7.05,7.4,7.55,7.86,0
6.6,7.25,8.5,8.1,10.2,7.1,4.9,7.2,0
33.6,34.0,35.97,37.83,39.2,40.52,41.03,42.88,1
13.95,17.04,14.5,13.1,12.22,14.4,12.9,10.0,0
12.3,12.3,12.0,12.0,15.1,13.4,11.1,8.0,0
11.8,12.0,11.6,12.0,12.05,8.5,6.8,7.5,0
18.3,15.0,14.2,52.85,24.5,8.0,10.9,1.7,0
9.4,7.7,7.1,12.4,6.4,7.4,4.5,10.13,0
14.2,14.6,16.1,14.0,15.3,10.0,15.4,9.5,0
9.8,8.74,9.45,15.63,18.14,11.95,12.6,12.83,0
10.06,12.02,11.9,12.75,12.1,11.2,5.0,6.23,0
8.5,7.1,10.0,8.3,7.4,8.3,8.0,8.5,0
11.3,11.6,12.6,12.3,17.9,14.2,12.1,11.9,0
34.95,35.0,30.0,32.7,35.1,37.91,37.5,37.5,1
14.6,23.6,20.0,23.9,23.3,10.2,23.2,17.6,0
9.37,12.47,12.15,12.65,12.22,11.85,12.25,11.52,0
11.0,11.0,8.5,11.0,11.2,11.0,10.6,6.9,0
113.4,120.7,122.1,124.1,124.0,116.9,116.2,116.2,1
19.11,27.9,28.1,31.0,50.59,10.65,32.3,22.9,0
14.0,14.15,16.6,16.65,49.0,36.8,35.2,18.2,0
1.8,2.9,2.9,2.93,3.25,3.35,2.3,2.5,0
11.6,12.1,9.4,18.0,18.0,13.2,12.0,11.5,0
6.75,6.85,6.68,6.73,7.38,8.25,4.05,5.25,0
30.31,30.31,31.3,24.12,34.9,27.0,30.5,19.7,0
24.35,15.95,25.1,35.0,27.5,27.4,29.1,29.5,1
3.9,4.4,3.1,6.7,7.5,5.0,4.8,4.5,0
18.4,18.5,20.4,25.3,30.8,27.0,24.5,25.3,1
1.82,1.5,0.5,2.3,5.7,4.55,3.2,5.6,0
16.47,16.32,40.98,53.98,64.57,64.12,60.54,13.57,0
24.45,29.1,27.2,27.7,29.7,29.5,30.5,30.7,1
2.55,2.56,3.0,2.56,9.53,4.43,3.7,7.68,0
11.9,12.4,13.05,13.2,19.81,19.81,19.9,20.0,0
30.8,32.1,34.1,35.59,37.3,38.48,39.1,39.22,1
6.4,6.6,6.03,6.18,6.88,7.6,5.5,5.4,0
24.2,33.8,32.2,26.5,42.25,20.6,28.0,35.3,1
71.4,71.6,72.6,72.5,73.2,75.2,73.9,72.4,1
10.0,10.0,12.0,10.0,12.0,10.3,11.2,11.0,0
31.25,33.24,35.53,37.08,39.12,39.63,38.0,37.7,1
5.2,6.9,5.3,6.88,7.1,4.0,5.5,6.2,0
4.8,5.1,5.9,6.9,6.4,4.6,4.5,4.5,0
10.2,9.7,10.9,10.3,11.8,10.8,14.1,10.1,0
18.3,11.6,11.8,10.0,12.7,10.8,10.2,10.1,0
57.25,57.28,60.94,60.38,65.75,73.49,81.14,87.89,1
9.1,13.15,9.04,10.9,10.37,7.25,10.0,8.8,0
4.5,5.1,5.5,4.7,6.9,3.4,2.9,3.4,0
10.5,10.55,9.3,9.3,9.2,8.3,8.75,8.1,0
5.22,5.81,6.33,2.92,4.26,5.22,5.64,6.4,0
21.74,25.4,18.22,19.1,19.05,20.84,21.23,25.39,1
12.3,12.3,12.0,11.9,12.6,12.6,8.8,5.8,0
22.3,33.0,40.5,45.6,48.5,48.9,3.93,0.18,0
48.9,54.1,57.8,61.3,59.8,59.35,59.85,63.1,1
11.0,14.7,14.7,14.6,14.7,9.7,13.0,10.1,0
13.45,13.45,11.2,11.9,15.2,5.8,10.9,5.9,0
25.1,25.6,25.6,28.4,30.8,26.4,27.2,28.9,1
9.9,9.9,10.0,9.9,12.7,11.0,10.1,6.5,0
65.4,65.3,65.2,64.9,65.3,64.6,64.8,65.0,1
47.55,55.6,47.27,47.35,48.36,49.7,53.55,51.75,1
13.35,15.95,19.35,25.3,15.8,11.75,18.5,9.68,0
13.7,23.6,25.7,44.4,17.15,11.4,16.3,10.55,0
40.05,40.5,40.41,40.26,40.76,41.05,42.65,40.35,1
38.3,41.9,41.1,14.55,0.7,18.5,21.6,3.65,0
7.7,9.2,10.1,7.4,9.9,5.6,2.8,5.6,0
13.89,15.15,15.67,16.78,18.13,17.03,18.7,19.73,0
17.44,27.8,14.28,21.1,22.38,20.81,20.64,14.64,0
9.3,9.3,9.4,10.1,10.1,9.8,7.6,8.9,0
8.25,8.65,8.3,8.35,9.2,9.6,9.7,9.8,0
55.67,56.98,57.2,59.3,59.6,60.28,61.7,62.5,1
10.9,10.1,10.0,10.1,9.9,7.9,7.4,9.4,0
65.75,70.0,64.85,74.8,75.4,73.75,74.5,74.0,1
92.59,92.84,92.8,91.67,100.8,100.69,81.75,95.3,1
19.5,17.2,20.9,16.2,25.3,22.4,18.6,23.1,0
20.4,28.0,34.8,37.2,41.0,40.8,3.15,1.9,0
27.1,37.0,48.6,53.5,27.8,24.2,32.3,31.1,1
13.5,36.5,35.9,28.8,31.3,15.6,28.8,24.9,0
10.9,11.7,12.8,12.35,13.8,13.9,13.2,13.3,0
2.25,4.2,3.65,2.6,5.7,1.6,4.9,4.65,0
9.7,12.8,11.35,4.89,11.66,7.0,6.59,2.59,0
141.02,137.62,135.32,126.42,131.92,127.92,125.82,123.62,1
14.12,17.28,13.9,11.0,17.05,14.75,17.0,16.8,0
26.67,30.5,30.27,32.77,34.27,33.67,35.07,35.27,1
28.3,23.5,29.05,23.17,27.45,27.9,23.72,15.82,0
12.7,14.5,4.2,5.7,14.5,14.1,11.5,7.6,0
62.75,62.85,62.08,62.38,63.28,64.05,77.9,78.1,1
30.48,35.06,35.88,36.5,38.5,39.0,39.6,38.5,1
24.4,25.1,25.5,25.5,26.25,26.1,26.6,26.3,1
5.7,7.64,7.1,6.1,7.6,7.6,5.9,5.8,0
7.5,5.4,4.1,4.7,4.0,5.8,3.8,4.0,0
9.69,10.6,11.1,6.9,5.4,9.1,7.1,9.85,0
169.2,171.4,174.0,174.9,170.5,171.9,170.6,170.3,1
18.45,33.3,41.49,28.05,41.0,18.2,11.85,9.05,0
17.25,17.6,18.12,18.83,28.36,18.85,19.34,19.42,0
11.8,10.4,14.8,11.8,15.2,10.4,10.9,13.5,0
8.0,8.0,7.9,2.1,7.5,8.0,6.8,7.95,0
11.7,17.2,12.6,13.4,12.65,11.9,11.2,12.5,0
14.2,14.5,15.6,12.5,14.3,12.6,13.3,15.9,0
23.42,24.8,24.73,26.05,20.05,24.7,25.49,22.82,0
7.9,8.9,8.9,8.8,8.9,8.9,8.9,8.8,0
2.2,3.1,4.2,2.1,4.5,4.6,1.5,5.5,0
29.45,31.43,33.67,35.19,37.1,37.97,38.31,40.17,1
9.93,12.55,11.3,12.59,13.2,10.9,12.13,9.1,0
12.4,14.8,13.8,13.6,16.9,15.8,16.8,15.2,0
8.15,9.4,9.2,13.9,13.6,12.7,13.3,13.4,0
5.0,5.0,5.2,3.0,5.0,5.0,4.0,5.2,0
31.85,34.5,35.0,36.0,34.2,30.5,32.7,31.0,1
13.4,13.9,14.4,13.7,13.77,11.79,9.1,7.0,0
19.3,25.8,22.1,46.5,41.7,21.4,35.7,17.3,0
5.75,6.25,6.1,6.3,6.5,6.75,7.15,6.4,0
3.0,4.3,3.1,4.7,4.94,4.25,6.2,2.35,0
37.1,37.2,37.3,37.45,37.65,37.95,28.05,30.6,1
16.5,17.0,16.7,18.8,23.52,23.86,24.0,24.5,0
30.15,24.1,19.7,26.14,51.42,65.02,53.65,12.02,0
8.6,9.2,24.42,17.6,13.05,5.9,7.5,6.7,0
30.7,32.66,34.97,36.75,38.76,39.96,39.87,40.76,1
43.21,47.31,43.06,41.86,44.25,43.45,13.07,42.4,1
52.91,54.1,54.05,56.8,54.2,67.4,62.9,62.7,1
8.4,8.58,9.61,10.41,9.93,9.11,12.21,16.99,0
11.55,12.7,13.1,13.25,13.9,14.7,16.7,10.6,0
37.9,38.2,38.4,38.75,38.75,39.1,39.2,39.7,1
10.2,39.12,16.42,27.1,18.1,6.1,20.9,7.1,0
19.02,14.37,12.16,6.21,18.19,16.89,20.57,23.38,0
24.9,25.35,25.65,24.75,25.06,26.4,26.75,26.8,1
6.05,6.15,6.08,6.13,36.03,7.95,3.65,4.4,0
11.7,14.1,13.5,10.4,15.3,19.4,14.7,14.4,0
10.0,9.6,10.3,10.1,11.2,8.8,7.0,11.8,0
3.8,3.25,6.1,7.15,5.45,4.0,4.6,4.88,0
101.02,102.42,101.45,102.68,104.5,101.4,102.47,100.19,1
5.64,4.3,3.4,6.2,3.1,4.5,3.9,4.15,0
10.7,12.5,10.7,10.7,10.7,9.1,9.2,5.9,0
10.0,9.1,8.2,8.9,8.9,6.9,7.9,7.8,0
15.9,16.5,6.3,11.2,15.9,16.0,10.1,8.3,0
9.5,10.7,10.6,10.0,13.1,8.1,8.9,9.1,0
51.9,51.9,52.2,53.2,53.7,52.4,54.2,52.4,1
7.7,9.6,8.7,9.2,9.6,6.2,5.9,7.0,0
9.7,7.9,9.5,12.1,17.1,15.1,14.15,13.9,0
33.25,30.8,35.02,34.86,37.55,41.02,20.5,28.5,1
8.57,9.37,10.01,11.5,12.7,14.75,13.95,8.35,0
5.4,6.7,6.3,6.1,6.45,5.35,5.6,5.2,0
13.8,14.55,11.8,14.65,17.85,12.05,13.4,5.65,0
48.75,48.95,48.88,49.08,50.58,51.45,47.85,47.6,1
72.3,76.0,78.0,73.5,74.1,61.2,57.0,32.9,1
6.1,6.29,7.1,6.0,7.0,6.8,5.9,2.69,0
142.1,141.45,143.15,144.2,144.85,144.7,143.3,144.3,1
63.95,64.3,66.3,67.7,67.74,69.7,68.98,70.02,1
15.0,12.0,22.6,8.8,19.3,12.1,13.4,12.8,0
10.6,10.0,9.3,11.8,13.3,11.2,11.5,10.9,0
6.32,12.7,8.8,22.7,14.9,12.45,27.5,17.6,0
43.2,45.55,46.1,46.5,48.6,48.76,48.9,48.5,1
5.8,7.9,7.2,9.0,8.0,6.0,6.0,6.2,0
3.6,6.4,6.8,8.1,11.2,7.7,8.4,6.0,0
15.52,16.23,16.16,16.97,18.8,16.47,15.9,16.03,0
32.8,34.5,33.5,34.5,37.0,36.8,38.0,39.0,1
5.55,3.87,2.85,1.67,2.58,6.32,4.25,4.25,0
12.5,13.0,12.8,12.0,13.78,11.5,12.5,12.5,0
7.7,6.9,7.6,6.5,8.1,5.9,3.0,3.8,0
10.69,10.81,10.95,10.34,11.21,11.9,11.77,11.5,0
8.6,8.6,10.5,8.9,10.0,9.1,7.8,7.7,0
5.1,8.5,8.2,9.7,9.9,5.0,6.0,5.6,0
5.4,6.2,5.78,6.47,5.45,3.92,5.4,4.81,0
10.0,8.2,7.65,5.8,4.9,2.0,1.0,6.5,0
13.9,16.3,16.2,21.4,22.9,13.5,14.0,27.0,1
6.9,8.8,7.25,8.3,8.2,6.5,9.37,9.54,0
5.6,6.3,6.2,5.1,3.7,5.3,2.5,5.5,0
8.65,13.3,7.0,6.1,4.65,5.4,10.7,10.5,0
12.1,15.4,13.95,17.7,17.5,18.5,18.5,17.0,0
50.4,50.75,50.75,52.25,52.75,53.25,54.25,54.25,1
10.5,9.2,9.1,11.15,12.1,10.3,7.8,6.5,0
12.7,13.5,13.3,14.1,13.93,13.0,13.85,13.5,0
139.6,145.8,146.1,150.0,148.0,147.4,146.09,147.4,1
6.5,9.0,7.5,7.6,9.2,7.1,7.2,7.2,0
8.1,10.05,10.05,10.05,10.05,8.85,8.1,10.2,0
18.94,18.46,11.9,11.0,18.78,11.62,13.9,13.65,0
2.52,5.81,3.37,3.57,4.64,3.37,2.84,7.17,0
13.65,14.55,14.95,15.08,15.75,16.35,13.5,13.8,0
39.9,47.8,57.0,64.2,69.2,61.9,12.35,3.1,0
10.0,10.0,6.9,7.25,10.0,10.0,9.6,6.8,0
5.8,7.2,6.5,6.4,7.2,6.3,6.0,6.5,0
102.33,102.69,101.69,102.44,102.36,102.55,132.88,117.0,1
8.8,9.6,10.3,10.4,10.9,11.4,9.45,10.2,0
18.25,18.28,19.8,20.0,25.2,25.29,25.4,24.5,0
19.05,19.8,20.15,20.35,21.6,22.05,22.4,23.0,0
14.23,15.25,15.94,17.06,21.15,34.9,22.86,22.84,0
9.5,10.54,12.13,11.97,12.27,11.97,12.0,12.1,0
14.4,27.0,28.25,29.75,30.25,28.0,28.0,28.25,1
6.8,7.7,7.8,6.9,12.1,6.8,8.7,8.7,0
4.1,4.2,3.98,4.03,4.58,5.55,3.5,5.2,0
13.5,14.0,13.0,12.8,15.5,12.4,12.6,16.7,0
7.5,10.65,9.9,10.85,12.35,12.25,13.45,13.0,0
73.24,73.72,75.7,70.6,70.76,72.28,73.6,75.0,1
12.1,17.9,10.5,12.6,13.65,10.8,8.7,10.15,0
7.9,7.7,9.0,8.3,8.0,7.9,7.5,6.2,0
15.96,17.18,17.25,18.9,22.1,23.45,23.95,23.0,0
17.8,17.9,17.1,15.4,20.7,14.3,11.4,15.1,0
8.95,10.8,9.55,15.8,10.0,11.8,23.5,10.16,0
15.0,16.0,16.9,17.23,17.85,18.05,19.0,20.05,0
40.7,40.9,41.3,40.5,42.2,42.4,41.5,41.0,1
20.65,25.0,21.2,22.2,24.3,14.4,18.9,20.2,0
14.2,15.0,11.8,14.95,15.5,14.9,15.0,13.5,0
30.2,27.9,28.75,27.3,31.2,31.4,32.75,32.45,1
23.72,24.01,25.62,26.4,27.13,27.24,27.86,29.41,1
10.55,11.35,9.35,9.45,9.55,9.0,7.8,7.9,0
13.5,14.6,15.9,15.8,15.3,20.5,20.0,19.0,0
13.95,19.85,7.88,17.7,16.9,16.0,15.95,11.2,0
7.11,7.15,7.31,7.3,7.37,5.28,4.83,4.3,0
16.67,19.4,19.15,24.25,15.2,19.3,15.6,14.55,0
8.5,9.05,9.3,9.8,9.57,9.77,10.6,10.7,0
17.1,12.0,10.6,10.0,10.1,12.6,11.9,11.3,0
42.5,44.1,46.2,47.89,50.81,51.38,51.75,52.16,1
25.0,29.35,28.7,26.1,30.2,30.2,30.4,31.6,1
115.8,120.5,127.6,178.6,181.7,183.8,154.2,155.8,1
10.85,15.3,15.3,12.0,10.58,9.34,12.5,8.8,0
11.88,13.85,16.1,16.92,18.78,17.6,16.55,16.06,0
34.0,35.4,37.12,38.68,39.16,37.95,39.4,41.35,1
11.9,12.88,11.5,4.17,11.85,18.6,13.3,11.9,0
9.4,18.85,11.9,57.55,14.9,3.0,42.5,5.15,0
34.32,36.0,38.0,38.6,44.1,47.2,49.8,51.4,1
40.24,41.15,42.11,43.1,46.63,46.63,46.9,46.5,1
58.7,58.9,58.28,58.58,59.38,60.25,60.35,60.7,1
20.9,22.3,22.4,23.1,26.4,26.7,26.1,26.7,1
6.2,11.2,9.4,12.6,11.4,11.1,12.5,11.1,0
35.5,32.8,35.4,32.65,36.3,34.7,53.3,52.8,1
9.2,9.2,9.7,7.85,10.55,8.9,7.9,7.8,0
42.29,42.29,45.0,46.7,52.2,49.8,46.75,44.58,1
7.1,8.2,7.3,7.2,8.7,7.1,5.0,6.1,0
61.85,63.1,64.85,65.65,66.4,66.85,67.8,70.45,1
3.8,5.4,2.9,6.2,4.1,3.1,2.45,3.4,0
28.9,29.5,31.15,32.87,33.19,32.7,33.05,32.45,1
6.05,7.04,6.99,3.67,7.07,4.84,6.0,5.8,0
8.0,11.5,8.0,7.8,9.0,8.2,6.5,7.3,0
40.0,40.0,37.85,38.55,36.01,37.1,33.9,34.9,1
14.2,14.25,11.2,13.25,13.0,10.85,11.1,9.65,0
92.5,93.1,94.0,97.5,97.7,96.3,97.0,97.0,1
4.4,7.2,6.5,6.7,6.6,5.6,5.8,5.8,0
26.5,28.48,28.98,30.58,30.77,29.52,27.25,29.1,1
18.6,19.5,14.2,9.7,15.7,18.7,15.1,10.2,0
10.5,10.5,4.6,9.5,10.5,7.4,1.4,6.6,0
15.8,21.3,16.8,23.0,19.5,18.07,21.2,19.1,0
10.7,10.7,17.0,9.6,15.5,11.2,13.7,11.3,0
5.0,3.2,9.63,14.2,6.9,6.0,14.2,5.85,0
13.89,13.76,13.64,13.43,13.49,13.43,20.65,21.54,0
38.01,39.63,38.64,38.9,40.9,41.41,42.0,43.0,1
8.3,7.6,9.3,9.3,9.3,7.7,8.3,7.9,0
20.8,23.09,17.1,21.1,19.3,15.88,24.4,22.6,0
34.75,26.58,29.0,27.25,28.25,24.4,23.6,23.0,0
6.65,6.5,5.4,6.1,6.0,5.0,5.6,3.1,0
15.15,13.85,14.35,14.4,14.5,15.4,15.4,15.6,0
38.4,47.8,48.8,60.5,47.0,35.5,47.6,35.05,1
23.27,23.54,23.62,23.75,23.9,21.93,21.76,20.01,0
23.9,25.87,27.82,29.44,31.38,31.43,33.31,35.15,1
13.8,15.6,15.0,14.6,14.1,13.0,12.8,13.5,0
6.2,6.2,6.2,6.3,8.8,5.5,3.7,4.4,0
64.97,65.2,67.3,69.05,69.12,69.94,70.85,71.9,1
52.95,52.9,53.1,50.7,55.4,56.6,57.2,62.6,1
5.5,3.0,1.7,5.4,6.1,4.5,4.1,4.5,0
9.45,9.8,8.75,8.4,8.04,7.3,7.4,7.5,0
46.2,42.5,44.6,44.2,44.8,45.0,45.2,48.3,1
6.7,6.9,8.9,6.9,7.7,7.8,7.3,8.3,0
7.05,8.9,9.05,9.84,4.8,7.05,5.9,7.0,0
10.5,10.0,13.0,12.8,9.2,9.1,5.2,10.0,0
14.05,23.8,17.05,26.26,23.75,12.75,12.35,11.75,0
3.8,3.42,4.1,5.4,4.49,5.26,6.3,6.35,0
7.8,8.8,8.1,8.3,11.8,5.9,4.1,6.9,0
6.6,7.4,5.1,5.0,6.3,6.8,6.5,5.9,0
4.8,7.4,6.68,7.6,8.0,11.6,7.0,8.05,0
52.95,53.12,55.3,57.8,58.8,60.0,61.4,62.5,1
15.25,16.8,16.95,16.85,16.8,16.95,17.1,16.15,0
4.95,8.25,8.0,5.75,9.65,5.2,4.25,3.72,0
9.9,6.5,6.3,9.7,9.8,7.5,7.8,8.0,0
12.8,13.0,13.4,13.1,13.8,12.2,12.1,12.6,0
12.1,15.0,12.7,16.2,12.4,14.3,16.9,10.37,0
9.8,9.8,10.0,10.0,10.2,10.0,10.0,11.0,0
28.96,32.92,32.91,33.5,35.87,35.96,36.0,35.1,1
11.87,4.37,4.54,4.29,4.85,4.93,5.39,6.6,0
10.61,10.26,10.66,10.51,10.16,9.68,9.31,9.51,0
3.9,8.2,7.4,6.8,7.0,6.85,7.3,8.4,0
4.4,8.8,5.9,6.0,6.9,4.2,4.5,5.2,0
11.02,11.7,10.9,12.1,9.5,8.48,9.85,8.4,0
10.3,12.5,12.5,12.6,13.5,11.0,10.9,10.9,0
28.88,38.1,37.8,31.1,33.1,20.7,39.0,38.8,1
25.65,38.45,46.2,47.0,49.95,38.55,31.85,33.12,1
1.6,1.44,1.38,3.34,3.94,3.88,4.32,5.7,0
4.45,7.15,4.65,6.05,5.65,4.14,4.41,3.65,0
18.4,18.75,18.65,19.44,18.48,18.52,19.6,19.75,0
114.15,116.2,120.8,120.8,117.2,132.6,125.0,123.6,1
8.25,9.13,9.65,9.6,15.55,8.6,13.8,12.42,0
69.0,65.5,65.9,65.9,66.8,64.4,61.8,65.4,1
15.0,15.0,14.1,14.0,14.3,6.65,9.3,5.8,0
4.3,6.6,5.2,5.8,7.1,6.7,5.8,6.0,0
61.33,61.65,69.25,70.9,71.3,72.87,74.5,77.0,1
5.87,4.86,11.63,4.52,7.5,11.01,5.23,11.54,0
32.01,33.53,34.87,35.4,39.4,39.7,39.9,39.0,1
5.6,5.5,6.55,5.3,6.6,4.6,3.5,3.3,0
28.0,28.0,29.15,32.0,54.05,54.02,48.05,17.9,0
6.6,6.72,7.85,3.41,5.15,3.95,3.35,2.65,0
36.8,38.77,40.9,42.58,43.8,45.02,43.95,42.9,1
9.7,11.8,10.9,11.5,11.2,7.8,10.95,10.5,0
31.25,34.4,35.2,25.9,20.3,25.7,28.2,26.8,1
42.05,63.4,61.7,67.5,65.2,77.5,79.5,75.6,1
115.5,115.6,113.3,112.2,112.0,109.9,109.09,108.8,1
5.0,7.7,3.3,3.9,4.8,4.4,8.2,4.2,0
7.7,11.3,6.5,7.6,6.2,4.3,5.0,9.4,0
11.46,11.18,11.45,12.62,13.12,12.69,14.06,14.8,0
78.2,77.0,77.2,78.2,81.1,79.1,80.6,78.8,1
16.1,17.45,16.7,16.65,19.6,20.15,22.36,22.4,0
1.4,1.95,1.5,1.6,1.55,1.6,1.6,1.0,0
8.05,9.4,7.95,9.62,9.05,9.0,7.7,8.15,0
33.1,34.1,34.3,35.0,33.7,32.7,33.25,33.4,1
12.66,13.54,17.4,13.65,29.4,17.9,20.4,11.6,0
36.85,37.8,39.1,36.8,40.7,43.1,43.2,45.1,1
6.8,9.7,11.8,14.25,17.0,10.3,11.7,17.05,0
39.75,41.75,43.22,44.87,45.27,44.24,43.94,44.99,1
10.1,14.3,28.0,9.95,14.5,9.0,8.0,8.8,0
8.0,11.5,11.0,11.0,11.0,6.7,8.1,9.5,0
51.0,52.0,52.5,54.0,28.5,27.8,27.5,28.0,1
70.2,80.1,90.6,98.2,102.3,98.3,106.5,95.13,1
64.0,75.1,83.7,91.8,97.4,96.9,61.1,15.2,0
88.6,99.0,105.35,107.5,107.7,112.7,114.45,115.2,1
89.05,88.6,88.1,88.8,88.6,89.0,88.8,86.5,1
23.4,25.3,24.9,24.65,26.5,35.1,27.3,27.6,1
6.75,7.3,7.25,7.13,7.35,7.75,10.2,11.05,0
9.1,8.5,12.5,11.6,12.5,8.8,9.2,8.9,0
13.8,14.4,14.85,14.5,15.0,16.65,16.9,18.2,0
4.8,8.8,9.8,8.1,9.1,7.2,6.8,6.9,0
13.2,14.4,14.95,15.05,15.5,15.4,15.7,16.55,0
40.9,37.9,38.7,37.4,39.2,37.5,37.0,36.8,1
7.0,11.3,10.1,8.7,12.4,7.1,10.6,7.8,0
89.2,85.7,82.8,81.1,92.7,80.2,79.0,78.0,1
12.23,17.1,20.99,18.28,21.13,17.58,19.4,10.39,0
2.15,3.9,5.0,1.85,1.65,1.55,2.7,0.95,0
26.95,29.0,30.3,31.9,33.2,34.25,35.3,35.45,1
139.58,138.78,136.28,134.58,136.98,136.78,134.88,137.53,1
11.6,14.8,11.8,14.8,14.8,14.8,12.5,14.8,0
19.4,27.8,36.8,43.2,48.7,48.2,4.5,4.7,0
5.34,5.89,8.94,4.69,7.89,4.6,2.89,2.19,0
9.0,12.0,8.72,8.96,12.53,5.0,7.0,7.91,0
16.3,17.6,18.2,16.2,11.3,16.1,15.6,16.9,0
18.8,21.3,28.2,45.7,40.12,16.6,56.0,23.3,0
91.04,91.04,107.0,116.6,127.3,127.5,79.5,34.7,1
7.03,6.67,6.35,6.25,4.59,5.99,7.75,6.52,0
25.4,27.0,29.0,28.4,30.45,30.0,29.57,28.65,1
11.0,12.8,9.55,13.05,11.6,10.4,12.1,11.75,0
14.75,13.98,7.7,10.0,6.95,4.1,4.11,4.65,0
14.1,15.1,16.8,17.0,16.6,16.0,14.5,13.0,0
12.45,19.85,17.45,15.5,11.0,9.8,18.9,9.6,0
3.15,3.75,3.7,3.77,3.65,3.8,4.25,3.65,0
32.55,30.97,33.75,28.7,25.98,31.4,24.2,30.07,1
4.6,7.0,3.9,3.4,7.8,3.8,6.5,6.2,0
47.5,47.55,49.0,49.15,49.5,88.65,85.4,87.2,1
20.15,20.65,21.92,21.75,23.8,24.55,20.95,21.67,0
7.4,10.0,7.0,7.5,11.8,7.1,7.2,8.2,0
27.25,29.9,30.55,30.9,32.3,32.75,33.15,33.8,1
34.4,35.8,37.0,36.1,39.5,34.75,34.8,35.4,1
27.0,27.9,29.52,31.1,33.52,32.84,34.6,35.35,1
11.6,14.0,15.0,18.0,18.55,17.9,22.41,23.2,0
57.2,56.1,59.1,61.0,68.4,69.8,73.1,77.2,1
19.78,20.65,21.12,21.0,22.18,22.6,23.4,23.45,0
35.65,35.75,35.33,35.68,36.98,37.9,51.15,50.1,1
9.3,9.2,9.6,10.8,10.0,9.0,7.4,7.8,0
6.35,9.35,8.15,8.35,10.6,9.25,8.0,7.1,0
6.0,7.8,7.3,6.5,8.5,7.5,5.0,6.3,0
17.35,25.1,25.4,25.95,27.0,27.0,27.6,27.2,1
9.82,12.45,10.45,10.0,12.03,9.59,10.76,12.85,0
16.4,16.9,16.75,17.25,17.4,13.9,17.2,17.6,0
5.95,6.05,5.95,5.9,6.35,7.45,4.5,6.5,0
13.93,19.44,20.2,21.71,22.43,22.1,22.25,22.02,0
21.5,22.1,22.6,23.55,22.1,23.8,25.3,26.1,1
20.4,26.0,25.0,28.2,34.4,35.7,24.6,27.0,1
106.0,113.6,121.1,126.3,30.24,32.25,26.49,17.3,0
9.6,12.95,12.6,12.9,13.15,7.0,11.6,9.7,0
9.25,8.0,8.85,9.6,6.3,7.6,7.27,6.2,0
12.05,12.7,12.9,13.15,13.9,14.4,15.75,16.7,0
16.25,14.71,27.46,11.0,21.9,22.1,13.85,6.35,0
13.15,13.6,13.1,13.1,13.25,14.0,14.75,14.54,0
16.98,17.22,20.48,20.8,19.92,19.05,19.48,21.48,0
4.93,8.64,7.19,8.76,4.53,4.85,7.35,5.36,0
9.4,10.3,11.2,8.2,11.6,9.55,6.8,7.4,0
24.8,26.9,27.0,27.95,28.4,28.4,28.8,28.95,1
39.3,57.05,33.0,39.8,44.3,25.0,26.6,17.8,0
11.1,8.9,14.1,18.8,18.7,20.9,21.7,15.6,0
31.4,33.0,35.2,36.87,38.6,38.4,37.41,38.0,1
12.2,15.2,18.75,16.1,15.0,13.5,12.7,13.18,0
6.4,9.7,8.7,9.5,8.2,9.3,8.6,8.6,0
10.35,11.8,7.45,11.8,9.3,7.2,8.8,6.9,0
10.27,18.48,4.26,4.05,4.27,19.07,1.27,8.72,0
20.13,51.0,56.0,57.5,60.1,42.0,37.0,31.8,1
5.7,7.5,7.3,7.05,6.8,7.1,4.2,5.6,0
3.3,6.3,5.4,4.2,6.3,5.2,2.1,4.0,0
53.86,52.32,54.4,55.15,55.18,56.5,57.6,59.5,1
27.3,30.97,24.4,28.9,30.8,23.4,27.98,18.2,0
7.2,8.56,7.4,4.95,5.6,3.8,6.0,3.3,0
79.9,79.95,79.5,79.65,88.45,89.35,100.35,100.5,1
152.95,153.3,156.6,161.6,164.3,150.4,150.2,152.1,1
11.6,18.4,10.6,10.1,15.4,13.1,9.0,10.3,0
13.58,15.5,15.89,16.52,17.59,18.4,18.25,17.84,0
9.82,11.48,12.29,13.74,10.95,11.17,12.25,12.85,0
8.55,9.45,10.85,13.5,13.9,9.6,10.15,10.8,0
4.15,5.45,8.7,3.1,4.4,2.4,2.7,1.3,0
8.4,6.1,6.0,5.8,5.0,5.7,9.0,6.0,0
29.08,30.66,32.1,34.5,37.47,39.3,35.45,33.95,1
40.3,41.6,43.32,45.04,47.05,47.35,48.15,49.76,1
6.4,9.8,9.6,9.7,9.0,9.1,8.7,5.6,0
18.3,11.55,8.05,14.45,14.45,7.65,11.65,9.75,0
29.36,29.2,29.95,30.1,34.9,33.2,29.3,33.0,1
59.15,58.75,58.65,58.8,59.05,61.2,59.5,60.1,1
180.0,179.2,182.2,182.1,181.0,189.0,189.1,188.5,1
10.0,10.75,11.2,10.7,8.45,8.8,6.75,7.2,0
13.6,19.7,19.6,18.1,20.5,9.1,14.3,14.5,0
73.5,63.6,64.4,64.3,64.3,65.0,65.2,66.2,1
64.95,65.2,65.35,65.8,65.95,72.5,72.5,72.3,1
8.9,9.4,6.2,9.6,9.6,7.0,9.4,9.6,0
11.25,11.0,11.0,11.2,11.0,11.0,10.3,6.7,0
31.57,32.0,32.8,33.25,33.3,34.0,35.2,35.8,1
12.5,11.3,12.5,12.7,12.6,11.0,9.1,10.0,0
12.15,12.5,12.7,10.8,7.9,7.9,7.9,8.0,0
10.24,10.24,10.85,9.33,8.59,9.25,10.52,7.85,0
38.0,45.9,52.5,52.8,53.9,51.8,26.0,7.33,0
68.57,72.66,72.29,70.94,75.9,77.2,81.75,76.6,1
12.53,15.4,18.37,14.97,12.39,13.1,6.73,3.51,0
15.6,15.35,16.03,16.11,17.2,17.83,18.1,18.88,0
16.9,17.85,18.7,18.83,20.7,20.4,19.9,19.75,0
4.2,6.3,3.84,6.89,6.46,3.5,6.75,3.36,0
10.3,10.3,10.32,10.2,10.0,10.3,10.0,10.1,0
8.6,8.9,6.0,8.02,8.9,11.5,8.9,5.9,0
118.2,117.95,117.5,118.6,118.8,119.4,117.7,121.0,1
32.6,38.4,40.8,40.0,38.9,27.0,3.91,3.55,0
49.05,49.7,48.7,48.7,50.8,43.0,43.9,42.7,1
48.0,17.8,54.55,94.5,147.0,142.94,91.02,55.5,1
7.65,10.2,8.1,7.65,7.4,6.6,6.8,8.0,0
36.39,39.74,37.96,38.49,38.7,39.3,39.22,39.5,1
4.4,7.75,1.95,1.35,4.5,1.26,2.9,1.95,0
29.6,29.1,30.9,14.1,13.0,21.7,26.05,27.95,1
13.96,12.38,14.92,13.6,16.1,13.1,7.55,5.0,0
12.1,15.3,12.1,12.0,12.4,13.9,12.6,12.4,0
7.8,11.95,11.5,10.3,11.4,10.2,10.8,10.3,0
75.99,76.3,80.5,82.4,82.49,83.5,83.65,84.68,1
19.44,19.52,19.9,20.06,20.3,20.2,20.68,20.5,0
7.8,8.1,8.8,10.1,12.1,8.4,9.8,8.8,0
10.0,10.45,11.95,12.0,12.55,13.2,14.1,13.85,0
48.19,49.03,52.44,53.34,62.47,63.7,62.58,59.88,1
9.3,9.7,9.25,9.03,9.99,9.09,9.3,10.4,0
17.12,18.0,22.11,26.45,22.5,24.88,26.93,10.85,0
22.7,21.8,24.7,20.6,24.3,20.3,16.9,22.2,0
10.28,11.68,11.24,11.9,10.14,6.7,8.0,7.78,0
37.64,41.5,40.38,40.62,33.0,32.2,31.2,31.3,1
20.5,20.7,22.7,22.9,29.1,22.8,15.9,21.5,0
15.3,13.2,16.8,10.3,10.6,8.7,8.4,9.5,0
9.9,9.9,9.9,9.8,14.0,8.1,7.3,11.6,0
8.0,8.0,8.2,8.1,8.0,8.3,7.3,8.2,0
6.13,6.95,8.46,10.1,5.0,3.5,3.9,3.25,0
48.6,49.1,50.1,49.9,50.1,51.6,50.6,49.3,1
87.42,85.02,85.59,90.97,76.77,98.65,98.65,98.65,1
9.85,10.45,10.7,10.75,11.2,11.7,13.55,13.05,0
23.41,24.71,23.41,21.71,25.38,21.04,22.21,22.81,0
46.26,46.26,51.6,52.01,53.1,52.25,51.0,44.7,1
10.0,8.2,8.0,8.2,10.2,6.0,6.8,6.6,0
27.85,28.4,30.88,32.0,30.5,30.11,35.43,31.45,1
13.88,15.8,16.98,17.84,19.8,19.86,19.51,19.5,0
10.0,9.0,10.0,9.4,10.4,6.9,7.3,7.1,0
52.1,51.72,51.56,53.75,52.85,53.75,54.45,56.35,1
8.07,12.7,8.98,12.71,6.23,7.22,10.53,10.4,0
10.77,10.77,11.27,11.47,9.78,9.74,9.6,9.2,0
8.5,8.5,8.5,7.9,8.5,8.4,8.1,5.7,0
73.1,60.3,70.0,77.47,89.01,90.0,89.5,25.61,1
11.2,11.2,12.3,11.2,9.05,9.95,10.75,11.1,0
38.1,36.4,34.8,26.4,35.6,21.0,20.2,22.1,0
12.95,12.9,12.43,12.63,13.08,14.05,11.35,11.5,0
12.8,15.0,16.0,16.9,34.4,35.5,33.2,27.8,1
11.9,12.6,13.5,12.3,11.9,11.2,10.8,11.2,0
25.9,19.0,21.0,24.2,25.7,26.91,27.5,24.69,0
24.01,25.9,24.25,24.54,24.65,24.9,29.95,25.92,1
53.7,54.1,54.2,54.75,56.1,55.6,57.1,57.3,1
37.3,34.2,37.4,34.0,36.7,37.0,36.2,37.4,1
10.3,10.9,12.5,12.9,13.5,11.0,10.5,9.0,0
6.3,6.8,7.0,6.8,6.8,6.2,3.7,4.9,0
34.1,34.4,35.43,33.4,37.3,36.1,35.9,37.5,1
29.1,29.0,28.9,32.3,32.7,22.2,21.6,33.0,1
8.77,10.99,6.45,5.99,4.22,11.75,11.7,8.2,0
7.91,6.55,9.24,8.05,10.52,7.45,6.95,6.75,0
15.5,19.6,31.5,36.7,19.7,16.2,17.5,17.6,0
8.4,8.4,9.6,8.4,8.4,8.4,8.4,8.3,0
4.5,7.4,7.7,0.8,6.7,7.9,8.7,7.65,0
10.1,11.3,11.35,11.45,12.2,12.6,12.7,13.2,0
3.5,6.93,5.2,6.35,2.0,4.5,6.4,5.45,0
7.15,12.8,16.6,17.9,15.4,9.9,13.7,20.0,0
72.0,72.1,74.3,74.95,75.6,76.42,77.8,79.5,1
30.2,30.5,33.0,34.95,34.65,35.18,37.6,36.9,1
8.5,9.5,8.0,8.1,10.5,9.2,8.6,9.2,0
17.55,17.65,17.18,17.48,18.08,18.7,17.2,17.1,0
12.01,13.63,14.81,15.97,16.17,27.7,16.72,15.96,0
24.3,28.25,29.2,29.3,27.3,28.3,28.46,25.29,1
16.5,18.7,17.0,18.3,21.4,17.2,14.7,14.3,0
114.35,117.3,119.9,121.6,125.4,123.3,123.8,128.8,1
5.38,5.74,5.9,6.12,4.74,2.87,4.59,5.22,0
7.75,9.95,7.1,7.4,7.7,8.1,7.5,7.4,0
5.1,5.6,5.67,5.65,6.2,6.47,6.57,6.75,0
12.4,13.75,12.0,9.5,12.8,9.7,11.5,11.8,0
12.8,13.12,13.02,13.1,12.08,12.58,13.4,13.55,0
5.65,20.85,18.65,6.15,13.75,4.65,4.65,3.25,0
17.78,12.82,32.72,33.1,50.35,12.4,12.7,5.5,0
8.1,6.4,6.2,10.7,4.0,6.7,6.45,6.9,0
19.57,20.78,21.62,23.59,19.29,16.2,16.2,17.0,0
11.05,9.48,6.95,6.5,14.3,9.33,10.3,7.0,0
5.8,7.0,6.35,7.28,6.95,4.74,5.6,5.95,0
15.0,15.0,6.8,7.2,9.9,9.1,10.2,8.1,0
3.5,10.3,10.35,10.27,10.5,8.29,11.38,4.56,0
68.03,68.4,69.85,71.95,72.17,72.7,74.3,75.5,1
11.0,12.35,13.9,13.7,15.4,15.6,16.2,17.65,0
8.6,11.4,10.0,7.1,11.9,10.3,7.9,7.8,0
65.63,66.02,67.95,69.45,69.79,71.65,72.9,74.0,1
11.7,11.45,11.1,11.45,11.1,9.8,10.9,11.7,0
7.3,12.2,15.7,15.3,12.5,9.7,8.9,8.8,0
7.9,9.0,4.8,8.1,10.2,17.1,10.0,9.5,0
10.6,10.5,10.5,10.0,10.5,9.8,10.5,7.0,0
7.34,10.22,9.52,6.1,10.67,6.57,7.47,5.89,0
14.1,15.8,16.55,17.52,17.16,17.0,16.5,16.25,0
37.9,49.1,54.2,57.0,63.2,48.2,26.2,29.15,1
7.8,8.4,7.5,8.7,8.7,9.2,8.7,8.0,0
10.29,18.29,19.43,19.55,22.07,22.25,23.0,23.0,0
24.2,24.5,34.07,23.06,39.48,23.55,29.64,12.79,0
14.1,18.1,21.0,16.0,20.3,16.55,10.0,5.2,0
52.7,52.4,55.0,52.1,57.1,54.4,57.75,52.2,1
9.3,9.3,9.8,9.2,9.3,9.3,7.4,9.0,0
8.1,8.75,8.1,8.8,8.2,6.75,7.1,6.0,0
27.55,31.32,30.9,32.6,33.9,35.65,36.8,36.9,1
100.1,101.2,102.1,102.0,100.3,97.4,97.1,102.2,1
13.05,13.15,12.83,13.03,14.18,14.85,23.15,23.65,0
7.03,9.05,6.75,8.8,8.8,6.8,7.55,7.8,0
48.2,52.3,52.9,52.3,53.0,54.5,24.6,14.5,0
8.7,8.7,10.0,8.4,10.2,7.1,7.4,7.3,0
35.75,32.2,33.3,31.69,36.0,34.5,31.95,28.7,1
3.6,4.2,4.0,3.6,4.0,3.11,5.25,8.0,0
10.85,13.2,10.65,12.8,15.2,9.56,11.1,10.18,0
7.1,7.0,6.1,8.1,11.5,2.7,5.6,4.9,0
8.6,10.3,7.8,8.9,8.4,8.0,9.0,8.0,0
39.2,37.9,37.5,37.2,39.4,43.1,42.7,44.8,1
19.2,48.4,27.3,32.8,33.4,17.89,42.1,21.4,0
94.4,94.8,84.9,83.0,84.34,87.5,85.9,91.2,1
5.7,6.5,5.2,5.25,5.1,5.4,5.6,3.85,0
11.0,11.7,11.85,11.98,12.6,12.9,9.4,11.2,0
7.8,7.5,5.8,7.5,7.5,7.5,5.7,7.9,0
17.35,19.1,14.3,16.5,19.2,14.8,17.4,17.8,0
13.8,19.8,13.5,13.4,15.2,20.5,23.85,13.5,0
69.66,70.08,72.5,74.1,74.28,75.7,76.7,78.5,1
4.28,4.04,4.07,4.18,3.19,4.0,4.27,4.9,0
5.03,6.09,10.44,11.42,8.4,8.18,9.64,9.82,0
35.4,34.2,34.5,33.2,33.3,18.1,35.4,31.0,1
11.0,13.2,14.8,15.1,15.5,11.4,11.5,9.3,0
10.35,13.25,19.34,19.9,23.42,20.1,15.45,10.66,0
66.64,67.2,69.2,50.97,51.4,52.6,53.4,55.5,1
34.75,33.85,35.9,37.65,43.0,43.55,44.3,45.25,1
36.22,36.69,42.19,39.91,44.06,36.45,33.45,33.07,1
37.3,38.4,40.64,42.28,43.34,41.37,40.46,42.4,1
13.2,13.0,12.33,13.15,12.3,11.6,11.5,4.62,0
19.45,19.85,20.87,24.2,22.51,23.1,24.65,23.41,0
89.1,87.7,88.2,86.2,88.0,87.2,85.1,87.2,1
6.5,9.5,8.8,9.45,7.4,6.4,8.6,7.5,0
10.65,10.5,10.1,10.5,10.2,9.7,10.1,9.6,0
10.9,12.3,13.2,12.2,16.4,16.8,13.0,13.4,0
12.7,12.6,23.65,24.23,12.98,10.36,10.91,8.18,0
18.73,20.45,20.15,20.13,20.53,20.8,29.0,25.36,1
7.4,6.6,5.85,14.8,8.65,5.82,8.4,9.1,0
2.65,4.3,3.2,3.7,4.4,0.95,3.05,1.65,0
10.85,14.2,12.4,14.1,15.05,22.5,23.0,21.0,0
13.4,19.5,8.9,19.5,19.5,8.3,13.8,9.6,0
34.1,36.09,38.02,39.87,41.86,42.66,40.96,42.32,1
11.9,12.6,12.5,12.8,14.3,14.6,18.4,19.65,0
18.25,19.4,20.0,20.0,21.0,21.5,21.65,20.95,0
40.0,39.2,41.5,42.45,45.2,47.1,46.85,45.7,1
51.5,74.5,62.2,62.4,73.0,73.0,73.8,74.4,1
10.55,13.9,13.9,12.5,14.0,12.4,13.9,14.0,0
7.4,10.4,7.98,10.4,10.05,6.95,9.15,9.0,0
23.6,29.1,27.26,22.4,26.3,13.65,26.03,8.53,0
57.45,57.65,56.1,56.28,57.68,58.65,84.7,83.2,1
29.9,29.95,29.18,29.83,31.03,31.9,32.65,33.2,1
20.87,21.14,21.22,21.17,21.42,22.52,19.8,19.6,0
22.5,23.55,23.8,23.75,24.2,24.5,25.4,25.4,1
8.05,11.35,16.25,14.2,18.5,5.6,6.11,3.2,0
119.5,121.4,122.9,122.7,130.1,125.0,123.6,122.3,1
114.0,130.2,95.73,97.99,142.35,146.0,77.3,11.05,0
